2026-10-04T20:41:14+05:30,ip-192-168-33-205.eu-north-1.compute.internal,37m,1%,984Mi,29%
2026-10-04T20:41:14+05:30,ip-192-168-86-95.eu-north-1.compute.internal,63m,3%,1020Mi,30%
2026-10-04T20:41:14+05:30,ip-192-168-9-242.eu-north-1.compute.internal,78m,4%,932Mi,28%
2026-10-04T20:41:38+05:30,ip-192-168-33-205.eu-north-1.compute.internal,148m,7%,1067Mi,32%
2026-10-04T20:41:38+05:30,ip-192-168-86-95.eu-north-1.compute.internal,80m,4%,1054Mi,32%
2026-10-04T20:41:38+05:30,ip-192-168-9-242.eu-north-1.compute.internal,257m,13%,1006Mi,30%
2026-10-04T20:41:56+05:30,ip-192-168-33-205.eu-north-1.compute.internal,144m,7%,1086Mi,33%
2026-10-04T20:41:56+05:30,ip-192-168-86-95.eu-north-1.compute.internal,598m,30%,1109Mi,33%
2026-10-04T20:41:56+05:30,ip-192-168-9-242.eu-north-1.compute.internal,440m,22%,1014Mi,30%
2026-10-04T20:42:16+05:30,ip-192-168-33-205.eu-north-1.compute.internal,131m,6%,1087Mi,33%
2026-10-04T20:42:16+05:30,ip-192-168-86-95.eu-north-1.compute.internal,609m,31%,1125Mi,34%
2026-10-04T20:42:16+05:30,ip-192-168-9-242.eu-north-1.compute.internal,483m,25%,1013Mi,30%
2026-10-04T20:42:37+05:30,ip-192-168-33-205.eu-north-1.compute.internal,153m,7%,1092Mi,33%
2026-10-04T20:42:37+05:30,ip-192-168-86-95.eu-north-1.compute.internal,597m,30%,1124Mi,34%
2026-10-04T20:42:37+05:30,ip-192-168-9-242.eu-north-1.compute.internal,469m,24%,1013Mi,30%
2026-10-04T20:42:56+05:30,ip-192-168-33-205.eu-north-1.compute.internal,132m,6%,1100Mi,33%
2026-10-04T20:42:56+05:30,ip-192-168-86-95.eu-north-1.compute.internal,607m,31%,1127Mi,34%
2026-10-04T20:42:56+05:30,ip-192-168-9-242.eu-north-1.compute.internal,441m,22%,1011Mi,30%
2026-10-04T20:43:15+05:30,ip-192-168-33-205.eu-north-1.compute.internal,138m,7%,1101Mi,33%
2026-10-04T20:43:15+05:30,ip-192-168-86-95.eu-north-1.compute.internal,636m,32%,1128Mi,34%
2026-10-04T20:43:15+05:30,ip-192-168-9-242.eu-north-1.compute.internal,511m,26%,1013Mi,30%
2026-10-04T20:43:36+05:30,ip-192-168-33-205.eu-north-1.compute.internal,130m,6%,1101Mi,33%
2026-10-04T20:43:36+05:30,ip-192-168-86-95.eu-north-1.compute.internal,611m,31%,1095Mi,33%
2026-10-04T20:43:36+05:30,ip-192-168-9-242.eu-north-1.compute.internal,373m,19%,985Mi,29%
2026-10-04T20:43:55+05:30,ip-192-168-33-205.eu-north-1.compute.internal,58m,3%,1102Mi,33%
2026-10-04T20:43:55+05:30,ip-192-168-86-95.eu-north-1.compute.internal,83m,4%,1094Mi,33%
2026-10-04T20:43:55+05:30,ip-192-168-9-242.eu-north-1.compute.internal,79m,4%,983Mi,29%
2026-10-04T20:44:13+05:30,ip-192-168-33-205.eu-north-1.compute.internal,51m,2%,1102Mi,33%
2026-10-04T20:44:13+05:30,ip-192-168-86-95.eu-north-1.compute.internal,281m,14%,969Mi,29%
2026-10-04T20:44:13+05:30,ip-192-168-9-242.eu-north-1.compute.internal,79m,4%,983Mi,29%
2026-10-04T20:44:31+05:30,ip-192-168-33-205.eu-north-1.compute.internal,48m,2%,1109Mi,33%
2026-10-04T20:44:31+05:30,ip-192-168-86-95.eu-north-1.compute.internal,102m,5%,1070Mi,32%
2026-10-04T20:44:31+05:30,ip-192-168-9-242.eu-north-1.compute.internal,67m,3%,984Mi,29%
2026-10-04T20:44:50+05:30,ip-192-168-33-205.eu-north-1.compute.internal,40m,2%,1109Mi,33%
2026-10-04T20:44:50+05:30,ip-192-168-86-95.eu-north-1.compute.internal,76m,3%,1069Mi,32%
2026-10-04T20:44:50+05:30,ip-192-168-9-242.eu-north-1.compute.internal,68m,3%,983Mi,29%
2026-10-04T20:45:09+05:30,ip-192-168-33-205.eu-north-1.compute.internal,42m,2%,1102Mi,33%
2026-10-04T20:45:09+05:30,ip-192-168-86-95.eu-north-1.compute.internal,81m,4%,1072Mi,32%
2026-10-04T20:45:09+05:30,ip-192-168-9-242.eu-north-1.compute.internal,63m,3%,985Mi,29%
2026-10-04T20:45:27+05:30,ip-192-168-33-205.eu-north-1.compute.internal,49m,2%,1103Mi,33%
2026-10-04T20:45:27+05:30,ip-192-168-86-95.eu-north-1.compute.internal,56m,2%,1072Mi,32%
2026-10-04T20:45:27+05:30,ip-192-168-9-242.eu-north-1.compute.internal,69m,3%,985Mi,29%
2026-10-04T20:45:46+05:30,ip-192-168-33-205.eu-north-1.compute.internal,47m,2%,1102Mi,33%
2026-10-04T20:45:46+05:30,ip-192-168-86-95.eu-north-1.compute.internal,80m,4%,1071Mi,32%
2026-10-04T20:45:46+05:30,ip-192-168-9-242.eu-north-1.compute.internal,78m,4%,985Mi,29%
2026-10-04T20:46:04+05:30,ip-192-168-33-205.eu-north-1.compute.internal,34m,1%,1102Mi,33%
2026-10-04T20:46:04+05:30,ip-192-168-86-95.eu-north-1.compute.internal,72m,3%,1071Mi,32%
2026-10-04T20:46:04+05:30,ip-192-168-9-242.eu-north-1.compute.internal,69m,3%,985Mi,29%
2026-10-04T20:46:22+05:30,ip-192-168-33-205.eu-north-1.compute.internal,47m,2%,1099Mi,33%
2026-10-04T20:46:22+05:30,ip-192-168-86-95.eu-north-1.compute.internal,84m,4%,1070Mi,32%
2026-10-04T20:46:22+05:30,ip-192-168-9-242.eu-north-1.compute.internal,70m,3%,984Mi,29%
