2026-10-04T20:41:14+05:30,monitor,0m,2Mi
2026-10-04T20:41:14+05:30,postgres-cf9fdbc59-tfwlk,11m,43Mi
2026-10-04T20:41:14+05:30,redis-74f4fb978c-2sb5t,7m,4Mi
2026-10-04T20:41:14+05:30,web-748fdd5fb9-46kpp,18m,101Mi
2026-10-04T20:41:14+05:30,worker-b4bf677dd-24mgz,5m,149Mi
2026-10-04T20:41:14+05:30,worker-b4bf677dd-8hjmd,4m,149Mi
2026-10-04T20:41:14+05:30,worker-b4bf677dd-8qs6w,4m,149Mi
2026-10-04T20:41:14+05:30,worker-b4bf677dd-8wtzn,4m,149Mi
2026-10-04T20:41:14+05:30,worker-b4bf677dd-gm4vt,4m,149Mi
2026-10-04T20:41:14+05:30,worker-b4bf677dd-gvmz7,4m,149Mi
2026-10-04T20:41:14+05:30,worker-b4bf677dd-p2s6t,4m,173Mi
2026-10-04T20:41:14+05:30,worker-b4bf677dd-rlcwq,4m,149Mi
2026-10-04T20:41:38+05:30,monitor,85m,50Mi
2026-10-04T20:41:38+05:30,postgres-cf9fdbc59-tfwlk,13m,45Mi
2026-10-04T20:41:38+05:30,redis-74f4fb978c-2sb5t,7m,4Mi
2026-10-04T20:41:38+05:30,web-748fdd5fb9-46kpp,16m,101Mi
2026-10-04T20:41:38+05:30,worker-b4bf677dd-24mgz,6m,154Mi
2026-10-04T20:41:38+05:30,worker-b4bf677dd-8hjmd,7m,157Mi
2026-10-04T20:41:38+05:30,worker-b4bf677dd-8qs6w,4m,149Mi
2026-10-04T20:41:38+05:30,worker-b4bf677dd-8wtzn,4m,149Mi
2026-10-04T20:41:38+05:30,worker-b4bf677dd-gm4vt,4m,149Mi
2026-10-04T20:41:38+05:30,worker-b4bf677dd-gvmz7,13m,162Mi
2026-10-04T20:41:38+05:30,worker-b4bf677dd-p2s6t,7m,173Mi
2026-10-04T20:41:38+05:30,worker-b4bf677dd-rlcwq,9m,162Mi
2026-10-04T20:41:56+05:30,locust-kill-worker-5cbvw,142m,38Mi
2026-10-04T20:41:56+05:30,monitor,2m,50Mi
2026-10-04T20:41:56+05:30,postgres-cf9fdbc59-tfwlk,313m,84Mi
2026-10-04T20:41:56+05:30,redis-74f4fb978c-2sb5t,13m,5Mi
2026-10-04T20:41:56+05:30,web-748fdd5fb9-46kpp,212m,110Mi
2026-10-04T20:41:56+05:30,worker-b4bf677dd-24mgz,29m,165Mi
2026-10-04T20:41:56+05:30,worker-b4bf677dd-8hjmd,28m,165Mi
2026-10-04T20:41:56+05:30,worker-b4bf677dd-8qs6w,24m,162Mi
2026-10-04T20:41:56+05:30,worker-b4bf677dd-8wtzn,16m,163Mi
2026-10-04T20:41:56+05:30,worker-b4bf677dd-gm4vt,20m,163Mi
2026-10-04T20:41:56+05:30,worker-b4bf677dd-gvmz7,25m,163Mi
2026-10-04T20:41:56+05:30,worker-b4bf677dd-p2s6t,26m,173Mi
2026-10-04T20:41:56+05:30,worker-b4bf677dd-rlcwq,9m,162Mi
2026-10-04T20:42:16+05:30,locust-kill-worker-5cbvw,73m,38Mi
2026-10-04T20:42:16+05:30,monitor,2m,50Mi
2026-10-04T20:42:16+05:30,postgres-cf9fdbc59-tfwlk,485m,91Mi
2026-10-04T20:42:16+05:30,redis-74f4fb978c-2sb5t,13m,5Mi
2026-10-04T20:42:16+05:30,web-748fdd5fb9-46kpp,252m,111Mi
2026-10-04T20:42:16+05:30,worker-b4bf677dd-24mgz,31m,170Mi
2026-10-04T20:42:16+05:30,worker-b4bf677dd-8hjmd,25m,165Mi
2026-10-04T20:42:16+05:30,worker-b4bf677dd-8qs6w,29m,170Mi
2026-10-04T20:42:16+05:30,worker-b4bf677dd-8wtzn,31m,170Mi
2026-10-04T20:42:16+05:30,worker-b4bf677dd-gm4vt,29m,165Mi
2026-10-04T20:42:16+05:30,worker-b4bf677dd-gvmz7,27m,166Mi
2026-10-04T20:42:16+05:30,worker-b4bf677dd-p2s6t,29m,173Mi
2026-10-04T20:42:16+05:30,worker-b4bf677dd-rlcwq,28m,170Mi
2026-10-04T20:42:37+05:30,locust-kill-worker-5cbvw,84m,38Mi
2026-10-04T20:42:37+05:30,monitor,2m,50Mi
2026-10-04T20:42:37+05:30,postgres-cf9fdbc59-tfwlk,485m,89Mi
2026-10-04T20:42:37+05:30,redis-74f4fb978c-2sb5t,14m,5Mi
2026-10-04T20:42:37+05:30,web-748fdd5fb9-46kpp,268m,111Mi
2026-10-04T20:42:37+05:30,worker-b4bf677dd-24mgz,30m,170Mi
2026-10-04T20:42:37+05:30,worker-b4bf677dd-8hjmd,29m,165Mi
2026-10-04T20:42:37+05:30,worker-b4bf677dd-8qs6w,27m,172Mi
2026-10-04T20:42:37+05:30,worker-b4bf677dd-8wtzn,31m,170Mi
2026-10-04T20:42:37+05:30,worker-b4bf677dd-gm4vt,28m,168Mi
2026-10-04T20:42:37+05:30,worker-b4bf677dd-gvmz7,28m,168Mi
2026-10-04T20:42:37+05:30,worker-b4bf677dd-p2s6t,29m,173Mi
2026-10-04T20:42:37+05:30,worker-b4bf677dd-rlcwq,29m,170Mi
2026-10-04T20:42:56+05:30,locust-kill-worker-5cbvw,85m,38Mi
2026-10-04T20:42:56+05:30,monitor,2m,50Mi
2026-10-04T20:42:56+05:30,postgres-cf9fdbc59-tfwlk,514m,97Mi
2026-10-04T20:42:56+05:30,redis-74f4fb978c-2sb5t,13m,5Mi
2026-10-04T20:42:56+05:30,web-748fdd5fb9-46kpp,271m,111Mi
2026-10-04T20:42:56+05:30,worker-b4bf677dd-24mgz,33m,170Mi
2026-10-04T20:42:56+05:30,worker-b4bf677dd-8hjmd,27m,166Mi
2026-10-04T20:42:56+05:30,worker-b4bf677dd-8qs6w,27m,172Mi
2026-10-04T20:42:56+05:30,worker-b4bf677dd-8wtzn,32m,172Mi
2026-10-04T20:42:56+05:30,worker-b4bf677dd-gm4vt,30m,168Mi
2026-10-04T20:42:56+05:30,worker-b4bf677dd-gvmz7,30m,168Mi
2026-10-04T20:42:56+05:30,worker-b4bf677dd-p2s6t,28m,173Mi
2026-10-04T20:42:56+05:30,worker-b4bf677dd-rlcwq,30m,170Mi
2026-10-04T20:43:15+05:30,locust-kill-worker-5cbvw,80m,38Mi
2026-10-04T20:43:15+05:30,monitor,2m,50Mi
2026-10-04T20:43:15+05:30,postgres-cf9fdbc59-tfwlk,477m,95Mi
2026-10-04T20:43:15+05:30,redis-74f4fb978c-2sb5t,13m,5Mi
2026-10-04T20:43:15+05:30,web-748fdd5fb9-46kpp,279m,114Mi
2026-10-04T20:43:15+05:30,worker-b4bf677dd-24mgz,27m,172Mi
2026-10-04T20:43:15+05:30,worker-b4bf677dd-8hjmd,27m,170Mi
2026-10-04T20:43:15+05:30,worker-b4bf677dd-8qs6w,29m,172Mi
2026-10-04T20:43:15+05:30,worker-b4bf677dd-8wtzn,29m,172Mi
2026-10-04T20:43:15+05:30,worker-b4bf677dd-gm4vt,25m,168Mi
2026-10-04T20:43:15+05:30,worker-b4bf677dd-gvmz7,28m,172Mi
2026-10-04T20:43:15+05:30,worker-b4bf677dd-p2s6t,28m,173Mi
2026-10-04T20:43:15+05:30,worker-b4bf677dd-rlcwq,26m,170Mi
2026-10-04T20:43:36+05:30,locust-kill-worker-5cbvw,87m,39Mi
2026-10-04T20:43:36+05:30,monitor,2m,50Mi
2026-10-04T20:43:36+05:30,postgres-cf9fdbc59-tfwlk,506m,92Mi
2026-10-04T20:43:36+05:30,redis-74f4fb978c-2sb5t,13m,5Mi
2026-10-04T20:43:36+05:30,web-748fdd5fb9-46kpp,219m,105Mi
2026-10-04T20:43:36+05:30,worker-b4bf677dd-24mgz,31m,172Mi
2026-10-04T20:43:36+05:30,worker-b4bf677dd-8hjmd,27m,170Mi
2026-10-04T20:43:36+05:30,worker-b4bf677dd-8qs6w,27m,172Mi
2026-10-04T20:43:36+05:30,worker-b4bf677dd-8wtzn,29m,172Mi
2026-10-04T20:43:36+05:30,worker-b4bf677dd-gm4vt,26m,168Mi
2026-10-04T20:43:36+05:30,worker-b4bf677dd-gvmz7,29m,172Mi
2026-10-04T20:43:36+05:30,worker-b4bf677dd-p2s6t,28m,173Mi
2026-10-04T20:43:36+05:30,worker-b4bf677dd-rlcwq,28m,170Mi
2026-10-04T20:43:55+05:30,locust-kill-worker-5cbvw,30m,1Mi
2026-10-04T20:43:55+05:30,monitor,2m,50Mi
2026-10-04T20:43:55+05:30,postgres-cf9fdbc59-tfwlk,73m,51Mi
2026-10-04T20:43:55+05:30,redis-74f4fb978c-2sb5t,7m,5Mi
2026-10-04T20:43:55+05:30,web-748fdd5fb9-46kpp,17m,102Mi
2026-10-04T20:43:55+05:30,worker-b4bf677dd-24mgz,7m,172Mi
2026-10-04T20:43:55+05:30,worker-b4bf677dd-8hjmd,15m,170Mi
2026-10-04T20:43:55+05:30,worker-b4bf677dd-8qs6w,6m,172Mi
2026-10-04T20:43:55+05:30,worker-b4bf677dd-8wtzn,20m,172Mi
2026-10-04T20:43:55+05:30,worker-b4bf677dd-gm4vt,5m,168Mi
2026-10-04T20:43:55+05:30,worker-b4bf677dd-gvmz7,5m,172Mi
2026-10-04T20:43:55+05:30,worker-b4bf677dd-p2s6t,13m,173Mi
2026-10-04T20:43:55+05:30,worker-b4bf677dd-rlcwq,7m,170Mi
2026-10-04T20:44:13+05:30,locust-kill-worker-5cbvw,0m,1Mi
2026-10-04T20:44:13+05:30,monitor,2m,50Mi
2026-10-04T20:44:13+05:30,postgres-cf9fdbc59-tfwlk,25m,47Mi
2026-10-04T20:44:13+05:30,redis-74f4fb978c-2sb5t,8m,4Mi
2026-10-04T20:44:13+05:30,web-748fdd5fb9-46kpp,17m,102Mi
2026-10-04T20:44:13+05:30,worker-b4bf677dd-8hjmd,5m,170Mi
2026-10-04T20:44:13+05:30,worker-b4bf677dd-8qs6w,6m,172Mi
2026-10-04T20:44:13+05:30,worker-b4bf677dd-8wtzn,6m,172Mi
2026-10-04T20:44:13+05:30,worker-b4bf677dd-gm4vt,6m,168Mi
2026-10-04T20:44:13+05:30,worker-b4bf677dd-gvmz7,6m,172Mi
2026-10-04T20:44:13+05:30,worker-b4bf677dd-p2s6t,5m,173Mi
2026-10-04T20:44:13+05:30,worker-b4bf677dd-rlcwq,5m,170Mi
2026-10-04T20:44:13+05:30,worker-b4bf677dd-w79tq,153m,149Mi
2026-10-04T20:44:31+05:30,locust-kill-worker-5cbvw,0m,1Mi
2026-10-04T20:44:31+05:30,monitor,2m,50Mi
2026-10-04T20:44:31+05:30,postgres-cf9fdbc59-tfwlk,22m,47Mi
2026-10-04T20:44:31+05:30,redis-74f4fb978c-2sb5t,7m,5Mi
2026-10-04T20:44:31+05:30,web-748fdd5fb9-46kpp,16m,102Mi
2026-10-04T20:44:31+05:30,worker-b4bf677dd-8hjmd,5m,170Mi
2026-10-04T20:44:31+05:30,worker-b4bf677dd-8qs6w,5m,172Mi
2026-10-04T20:44:31+05:30,worker-b4bf677dd-8wtzn,6m,172Mi
2026-10-04T20:44:31+05:30,worker-b4bf677dd-gm4vt,5m,168Mi
2026-10-04T20:44:31+05:30,worker-b4bf677dd-gvmz7,5m,172Mi
2026-10-04T20:44:31+05:30,worker-b4bf677dd-p2s6t,5m,173Mi
2026-10-04T20:44:31+05:30,worker-b4bf677dd-rlcwq,6m,170Mi
2026-10-04T20:44:31+05:30,worker-b4bf677dd-w79tq,4m,149Mi
2026-10-04T20:44:50+05:30,locust-kill-worker-5cbvw,0m,1Mi
2026-10-04T20:44:50+05:30,monitor,2m,50Mi
2026-10-04T20:44:50+05:30,postgres-cf9fdbc59-tfwlk,20m,47Mi
2026-10-04T20:44:50+05:30,redis-74f4fb978c-2sb5t,7m,4Mi
2026-10-04T20:44:50+05:30,web-748fdd5fb9-46kpp,17m,102Mi
2026-10-04T20:44:50+05:30,worker-b4bf677dd-8hjmd,5m,170Mi
2026-10-04T20:44:50+05:30,worker-b4bf677dd-8qs6w,4m,172Mi
2026-10-04T20:44:50+05:30,worker-b4bf677dd-8wtzn,6m,172Mi
2026-10-04T20:44:50+05:30,worker-b4bf677dd-gm4vt,4m,168Mi
2026-10-04T20:44:50+05:30,worker-b4bf677dd-gvmz7,4m,172Mi
2026-10-04T20:44:50+05:30,worker-b4bf677dd-p2s6t,4m,173Mi
2026-10-04T20:44:50+05:30,worker-b4bf677dd-rlcwq,5m,170Mi
2026-10-04T20:44:50+05:30,worker-b4bf677dd-w79tq,4m,149Mi
2026-10-04T20:45:09+05:30,locust-kill-worker-5cbvw,0m,1Mi
2026-10-04T20:45:09+05:30,monitor,2m,50Mi
2026-10-04T20:45:09+05:30,postgres-cf9fdbc59-tfwlk,16m,47Mi
2026-10-04T20:45:09+05:30,redis-74f4fb978c-2sb5t,7m,4Mi
2026-10-04T20:45:09+05:30,web-748fdd5fb9-46kpp,17m,102Mi
2026-10-04T20:45:09+05:30,worker-b4bf677dd-8hjmd,5m,170Mi
2026-10-04T20:45:09+05:30,worker-b4bf677dd-8qs6w,5m,172Mi
2026-10-04T20:45:09+05:30,worker-b4bf677dd-8wtzn,4m,172Mi
2026-10-04T20:45:09+05:30,worker-b4bf677dd-gm4vt,5m,168Mi
2026-10-04T20:45:09+05:30,worker-b4bf677dd-gvmz7,4m,172Mi
2026-10-04T20:45:09+05:30,worker-b4bf677dd-p2s6t,4m,173Mi
2026-10-04T20:45:09+05:30,worker-b4bf677dd-rlcwq,5m,170Mi
2026-10-04T20:45:09+05:30,worker-b4bf677dd-w79tq,4m,149Mi
2026-10-04T20:45:27+05:30,locust-kill-worker-5cbvw,0m,1Mi
2026-10-04T20:45:27+05:30,monitor,2m,50Mi
2026-10-04T20:45:27+05:30,postgres-cf9fdbc59-tfwlk,20m,47Mi
2026-10-04T20:45:27+05:30,redis-74f4fb978c-2sb5t,7m,5Mi
2026-10-04T20:45:27+05:30,web-748fdd5fb9-46kpp,17m,102Mi
2026-10-04T20:45:27+05:30,worker-b4bf677dd-8hjmd,5m,170Mi
2026-10-04T20:45:27+05:30,worker-b4bf677dd-8qs6w,5m,172Mi
2026-10-04T20:45:27+05:30,worker-b4bf677dd-8wtzn,5m,172Mi
2026-10-04T20:45:27+05:30,worker-b4bf677dd-gm4vt,4m,168Mi
2026-10-04T20:45:27+05:30,worker-b4bf677dd-gvmz7,5m,172Mi
2026-10-04T20:45:27+05:30,worker-b4bf677dd-p2s6t,5m,173Mi
2026-10-04T20:45:27+05:30,worker-b4bf677dd-rlcwq,5m,170Mi
2026-10-04T20:45:27+05:30,worker-b4bf677dd-w79tq,4m,149Mi
2026-10-04T20:45:46+05:30,locust-kill-worker-5cbvw,0m,1Mi
2026-10-04T20:45:46+05:30,monitor,2m,50Mi
2026-10-04T20:45:46+05:30,postgres-cf9fdbc59-tfwlk,20m,51Mi
2026-10-04T20:45:46+05:30,redis-74f4fb978c-2sb5t,7m,4Mi
2026-10-04T20:45:46+05:30,web-748fdd5fb9-46kpp,17m,102Mi
2026-10-04T20:45:46+05:30,worker-b4bf677dd-8hjmd,5m,170Mi
2026-10-04T20:45:46+05:30,worker-b4bf677dd-8qs6w,5m,172Mi
2026-10-04T20:45:46+05:30,worker-b4bf677dd-8wtzn,4m,172Mi
2026-10-04T20:45:46+05:30,worker-b4bf677dd-gm4vt,4m,168Mi
2026-10-04T20:45:46+05:30,worker-b4bf677dd-gvmz7,4m,172Mi
2026-10-04T20:45:46+05:30,worker-b4bf677dd-p2s6t,5m,173Mi
2026-10-04T20:45:46+05:30,worker-b4bf677dd-rlcwq,5m,170Mi
2026-10-04T20:45:46+05:30,worker-b4bf677dd-w79tq,4m,149Mi
2026-10-04T20:46:04+05:30,locust-kill-worker-5cbvw,0m,1Mi
2026-10-04T20:46:04+05:30,monitor,2m,50Mi
2026-10-04T20:46:04+05:30,postgres-cf9fdbc59-tfwlk,20m,51Mi
2026-10-04T20:46:04+05:30,redis-74f4fb978c-2sb5t,7m,4Mi
2026-10-04T20:46:04+05:30,web-748fdd5fb9-46kpp,17m,102Mi
2026-10-04T20:46:04+05:30,worker-b4bf677dd-8hjmd,5m,170Mi
2026-10-04T20:46:04+05:30,worker-b4bf677dd-8qs6w,4m,172Mi
2026-10-04T20:46:04+05:30,worker-b4bf677dd-8wtzn,5m,172Mi
2026-10-04T20:46:04+05:30,worker-b4bf677dd-gm4vt,4m,168Mi
2026-10-04T20:46:04+05:30,worker-b4bf677dd-gvmz7,5m,172Mi
2026-10-04T20:46:04+05:30,worker-b4bf677dd-p2s6t,4m,173Mi
2026-10-04T20:46:04+05:30,worker-b4bf677dd-rlcwq,5m,170Mi
2026-10-04T20:46:04+05:30,worker-b4bf677dd-w79tq,5m,149Mi
2026-10-04T20:46:22+05:30,locust-kill-worker-5cbvw,0m,1Mi
2026-10-04T20:46:22+05:30,monitor,2m,50Mi
2026-10-04T20:46:22+05:30,postgres-cf9fdbc59-tfwlk,23m,49Mi
2026-10-04T20:46:22+05:30,redis-74f4fb978c-2sb5t,7m,4Mi
2026-10-04T20:46:22+05:30,web-748fdd5fb9-46kpp,16m,102Mi
2026-10-04T20:46:22+05:30,worker-b4bf677dd-8hjmd,4m,170Mi
2026-10-04T20:46:22+05:30,worker-b4bf677dd-8qs6w,4m,172Mi
2026-10-04T20:46:22+05:30,worker-b4bf677dd-8wtzn,4m,172Mi
2026-10-04T20:46:22+05:30,worker-b4bf677dd-gm4vt,4m,168Mi
2026-10-04T20:46:22+05:30,worker-b4bf677dd-gvmz7,5m,172Mi
2026-10-04T20:46:22+05:30,worker-b4bf677dd-p2s6t,4m,173Mi
2026-10-04T20:46:22+05:30,worker-b4bf677dd-rlcwq,5m,170Mi
2026-10-04T20:46:22+05:30,worker-b4bf677dd-w79tq,4m,149Mi
