timestamp,method,name,response_time_ms,status,error
2026-03-24T00:15:18.322819+05:30,GET,GET /health/,454.88,ok,
2026-03-24T00:15:18.340797+05:30,GET,GET /jobs/stats/,477.82,ok,
2026-03-24T00:15:18.376496+05:30,GET,GET /health/,512.55,ok,
2026-03-24T00:15:18.747586+05:30,POST,POST /jobs/,877.77,ok,
2026-03-24T00:15:18.807889+05:30,POST,POST /jobs/,951.88,ok,
2026-03-24T00:15:18.820170+05:30,POST,POST /jobs/,959.39,ok,
2026-03-24T00:15:18.820541+05:30,POST,POST /jobs/,963.05,ok,
2026-03-24T00:15:18.829753+05:30,POST,POST /jobs/,964.6,ok,
2026-03-24T00:15:18.924507+05:30,POST,POST /jobs/,1065.07,ok,
2026-03-24T00:15:18.924888+05:30,POST,POST /jobs/,1062.96,ok,
2026-03-24T00:15:18.925165+05:30,POST,POST /jobs/,1054.13,ok,
2026-03-24T00:15:19.069150+05:30,GET,GET /jobs/stats/,194.68,ok,
2026-03-24T00:15:19.127165+05:30,GET,GET /health/,251.46,ok,
2026-03-24T00:15:19.154149+05:30,GET,GET /health/,250.82,ok,
2026-03-24T00:15:19.326019+05:30,GET,GET /jobs/stats/,410.44,ok,
2026-03-24T00:15:19.404333+05:30,GET,GET /health/,412.78,ok,
2026-03-24T00:15:19.552231+05:30,POST,POST /jobs/,673.32,ok,
2026-03-24T00:15:19.649231+05:30,POST,POST /jobs/,747.1,ok,
2026-03-24T00:15:19.755020+05:30,GET,GET /jobs/stats/,120.59,ok,
2026-03-24T00:15:19.921139+05:30,POST,POST /jobs/,1036.53,ok,
2026-03-24T00:15:19.930155+05:30,POST,POST /jobs/,1040.73,ok,
2026-03-24T00:15:19.962027+05:30,POST,POST /jobs/,1073.93,ok,
2026-03-24T00:15:19.985149+05:30,POST,POST /jobs/,1071.1,ok,
2026-03-24T00:15:19.986825+05:30,POST,POST /jobs/,1068.13,ok,
2026-03-24T00:15:20.066175+05:30,GET,GET /jobs/{id}/,122.42,ok,
2026-03-24T00:15:20.095141+05:30,POST,POST /jobs/,1190.37,ok,
2026-03-24T00:15:20.098677+05:30,POST,POST /jobs/,959.1,ok,
2026-03-24T00:15:20.108321+05:30,GET,GET /health/,236.81,ok,
2026-03-24T00:15:20.220171+05:30,GET,GET /jobs/stats/,345.19,ok,
2026-03-24T00:15:20.273061+05:30,POST,POST /jobs/,404.15,ok,
2026-03-24T00:15:20.306978+05:30,POST,POST /jobs/,433.98,ok,
2026-03-24T00:15:20.505168+05:30,POST,POST /jobs/,103.38,ok,
2026-03-24T00:15:20.596353+05:30,POST,POST /jobs/,719.63,ok,
2026-03-24T00:15:20.648323+05:30,POST,POST /jobs/,648.0,ok,
2026-03-24T00:15:20.689397+05:30,POST,POST /jobs/,354.45,ok,
2026-03-24T00:15:20.748746+05:30,GET,GET /health/,117.93,ok,
2026-03-24T00:15:20.800661+05:30,GET,GET /jobs/stats/,106.65,ok,
2026-03-24T00:15:20.819673+05:30,GET,GET /jobs/stats/,61.54,ok,
2026-03-24T00:15:20.840058+05:30,POST,POST /jobs/,85.54,ok,
2026-03-24T00:15:20.909655+05:30,POST,POST /jobs/,347.94,ok,
2026-03-24T00:15:20.910025+05:30,POST,POST /jobs/,379.44,ok,
2026-03-24T00:15:21.020113+05:30,POST,POST /jobs/,253.21,ok,
2026-03-24T00:15:21.076354+05:30,GET,GET /health/,216.03,ok,
2026-03-24T00:15:21.107535+05:30,GET,GET /health/,96.29,ok,
2026-03-24T00:15:21.153972+05:30,POST,POST /jobs/,153.65,ok,
2026-03-24T00:15:21.162093+05:30,POST,POST /jobs/,192.78,ok,
2026-03-24T00:15:21.186944+05:30,GET,GET /jobs/stats/,317.87,ok,
2026-03-24T00:15:21.254748+05:30,GET,GET /jobs/stats/,379.26,ok,
2026-03-24T00:15:21.308295+05:30,GET,GET /health/,102.65,ok,
2026-03-24T00:15:21.320008+05:30,GET,GET /jobs/{id}/,141.77,ok,
2026-03-24T00:15:21.381397+05:30,GET,GET /health/,500.63,ok,
2026-03-24T00:15:21.431416+05:30,GET,GET /jobs/{id}/,99.51,ok,
2026-03-24T00:15:21.449234+05:30,POST,POST /jobs/,581.67,ok,
2026-03-24T00:15:21.475202+05:30,GET,GET /health/,120.68,ok,
2026-03-24T00:15:21.497758+05:30,POST,POST /jobs/,200.05,ok,
2026-03-24T00:15:21.802527+05:30,POST,POST /jobs/,930.79,ok,
2026-03-24T00:15:21.937754+05:30,GET,GET /jobs/{id}/,163.76,ok,
2026-03-24T00:15:21.987683+05:30,GET,GET /jobs/{id}/,180.39,ok,
2026-03-24T00:15:22.030444+05:30,POST,POST /jobs/,356.66,ok,
2026-03-24T00:15:22.039703+05:30,POST,POST /jobs/,1157.72,ok,
2026-03-24T00:15:22.165356+05:30,GET,GET /jobs/stats/,236.38,ok,
2026-03-24T00:15:22.186369+05:30,POST,POST /jobs/,1301.72,ok,
2026-03-24T00:15:22.249064+05:30,GET,GET /jobs/{id}/,234.26,ok,
2026-03-24T00:15:22.326410+05:30,POST,POST /jobs/,1443.34,ok,
2026-03-24T00:15:22.370029+05:30,GET,GET /health/,506.78,ok,
2026-03-24T00:15:22.435777+05:30,POST,POST /jobs/,1224.78,ok,
2026-03-24T00:15:22.465377+05:30,GET,GET /jobs/stats/,601.25,ok,
2026-03-24T00:15:22.514246+05:30,GET,GET /jobs/{id}/,207.87,ok,
2026-03-24T00:15:22.565929+05:30,POST,POST /jobs/,1341.06,ok,
2026-03-24T00:15:22.627275+05:30,GET,GET /jobs/stats/,762.26,ok,
2026-03-24T00:15:22.681219+05:30,GET,GET /jobs/{id}/,225.24,ok,
2026-03-24T00:15:22.693102+05:30,GET,GET /jobs/stats/,238.94,ok,
2026-03-24T00:15:22.703691+05:30,POST,POST /jobs/,1103.13,ok,
2026-03-24T00:15:22.824493+05:30,GET,GET /health/,955.74,ok,
2026-03-24T00:15:22.843570+05:30,GET,GET /jobs/{id}/,191.26,ok,
2026-03-24T00:15:22.879127+05:30,POST,POST /jobs/,1291.11,ok,
2026-03-24T00:15:22.898341+05:30,POST,POST /jobs/,418.85,ok,
2026-03-24T00:15:22.922385+05:30,GET,GET /jobs/{id}/,346.91,ok,
2026-03-24T00:15:22.935916+05:30,GET,GET /jobs/{id}/,315.08,ok,
2026-03-24T00:15:23.067060+05:30,GET,GET /jobs/stats/,1136.67,ok,
2026-03-24T00:15:23.097757+05:30,GET,GET /jobs/stats/,844.27,ok,
2026-03-24T00:15:23.103081+05:30,GET,GET /jobs/stats/,396.44,ok,
2026-03-24T00:15:23.273002+05:30,GET,GET /health/,259.19,ok,
2026-03-24T00:15:23.300060+05:30,POST,POST /jobs/,424.07,ok,
2026-03-24T00:15:23.310547+05:30,POST,POST /jobs/,1466.85,ok,
2026-03-24T00:15:23.321571+05:30,POST,POST /jobs/,1460.55,ok,
2026-03-24T00:15:23.407271+05:30,GET,GET /health/,450.95,ok,
2026-03-24T00:15:23.414953+05:30,POST,POST /jobs/,1552.72,ok,
2026-03-24T00:15:23.453885+05:30,POST,POST /jobs/,542.05,ok,
2026-03-24T00:15:23.464949+05:30,GET,GET /jobs/{id}/,319.86,ok,
2026-03-24T00:15:23.481928+05:30,POST,POST /jobs/,536.26,ok,
2026-03-24T00:15:23.531609+05:30,GET,GET /jobs/{id}/,220.69,ok,
2026-03-24T00:15:23.560509+05:30,POST,POST /jobs/,1362.48,ok,
2026-03-24T00:15:23.699636+05:30,GET,GET /jobs/{id}/,189.61,ok,
2026-03-24T00:15:23.742045+05:30,GET,GET /jobs/{id}/,377.45,ok,
2026-03-24T00:15:23.892974+05:30,POST,POST /jobs/,323.23,ok,
2026-03-24T00:15:23.962342+05:30,POST,POST /jobs/,2092.44,ok,
2026-03-24T00:15:23.986260+05:30,POST,POST /jobs/,780.01,ok,
2026-03-24T00:15:24.034944+05:30,GET,GET /jobs/{id}/,406.19,ok,
2026-03-24T00:15:24.064382+05:30,GET,GET /jobs/stats/,448.46,ok,
2026-03-24T00:15:24.128935+05:30,GET,GET /health/,1474.16,ok,
2026-03-24T00:15:24.129248+05:30,GET,GET /health/,1272.18,ok,
2026-03-24T00:15:24.198530+05:30,GET,GET /jobs/{id}/,531.73,ok,
2026-03-24T00:15:24.305598+05:30,GET,GET /health/,519.96,ok,
2026-03-24T00:15:24.314711+05:30,GET,GET /health/,653.14,ok,
2026-03-24T00:15:24.384443+05:30,GET,GET /health/,418.68,ok,
2026-03-24T00:15:24.395151+05:30,POST,POST /jobs/,2527.41,ok,
2026-03-24T00:15:24.397931+05:30,POST,POST /jobs/,797.91,ok,
2026-03-24T00:15:24.429107+05:30,POST,POST /jobs/,595.25,ok,
2026-03-24T00:15:24.512654+05:30,GET,GET /jobs/{id}/,450.25,ok,
2026-03-24T00:15:24.514938+05:30,GET,GET /jobs/{id}/,627.72,ok,
2026-03-24T00:15:24.531934+05:30,POST,POST /jobs/,685.64,ok,
2026-03-24T00:15:24.544667+05:30,POST,POST /jobs/,1788.1,ok,
2026-03-24T00:15:24.574581+05:30,POST,POST /jobs/,2696.77,ok,
2026-03-24T00:15:24.594448+05:30,POST,POST /jobs/,2723.38,ok,
2026-03-24T00:15:24.602935+05:30,POST,POST /jobs/,838.25,ok,
2026-03-24T00:15:24.617565+05:30,GET,GET /jobs/{id}/,520.88,ok,
2026-03-24T00:15:24.692793+05:30,GET,GET /health/,605.36,ok,
2026-03-24T00:15:24.696695+05:30,GET,GET /jobs/{id}/,260.6,ok,
2026-03-24T00:15:24.714256+05:30,GET,GET /health/,925.53,ok,
2026-03-24T00:15:24.728442+05:30,GET,GET /jobs/{id}/,638.96,ok,
2026-03-24T00:15:24.743855+05:30,GET,GET /jobs/{id}/,618.82,ok,
2026-03-24T00:15:24.817306+05:30,POST,POST /jobs/,1887.38,ok,
2026-03-24T00:15:24.903885+05:30,POST,POST /jobs/,848.36,ok,
2026-03-24T00:15:24.945951+05:30,POST,POST /jobs/,2412.96,ok,
2026-03-24T00:15:24.946320+05:30,POST,POST /jobs/,769.77,ok,
2026-03-24T00:15:24.951434+05:30,GET,GET /jobs/{id}/,227.08,ok,
2026-03-24T00:15:25.023485+05:30,GET,GET /jobs/{id}/,315.13,ok,
2026-03-24T00:15:25.032404+05:30,GET,GET /health/,1672.05,ok,
2026-03-24T00:15:25.034728+05:30,POST,POST /jobs/,2564.38,ok,
2026-03-24T00:15:25.051226+05:30,GET,GET /jobs/{id}/,427.29,ok,
2026-03-24T00:15:25.058391+05:30,POST,POST /jobs/,448.71,ok,
2026-03-24T00:15:25.067997+05:30,GET,GET /health/,2201.17,ok,
2026-03-24T00:15:25.100787+05:30,GET,GET /jobs/{id}/,394.57,ok,
2026-03-24T00:15:25.413397+05:30,POST,POST /jobs/,2713.5,ok,
2026-03-24T00:15:25.429667+05:30,POST,POST /jobs/,2106.57,ok,
2026-03-24T00:15:25.602447+05:30,GET,GET /jobs/{id}/,391.7,ok,
2026-03-24T00:15:25.669214+05:30,GET,GET /jobs/stats/,515.58,ok,
2026-03-24T00:15:25.696588+05:30,GET,GET /jobs/stats/,2828.63,ok,
2026-03-24T00:15:25.817899+05:30,GET,GET /jobs/stats/,610.49,ok,
2026-03-24T00:15:25.881283+05:30,GET,GET /jobs/stats/,3012.47,ok,
2026-03-24T00:15:25.901345+05:30,GET,GET /jobs/stats/,743.4,ok,
2026-03-24T00:15:25.909297+05:30,GET,GET /jobs/{id}/,432.86,ok,
2026-03-24T00:15:25.912971+05:30,GET,GET /jobs/{id}/,661.33,ok,
2026-03-24T00:15:26.025326+05:30,POST,POST /jobs/,3428.72,ok,
2026-03-24T00:15:26.084630+05:30,GET,GET /health/,393.58,ok,
2026-03-24T00:15:26.114992+05:30,POST,POST /jobs/,3253.12,ok,
2026-03-24T00:15:26.190970+05:30,GET,GET /jobs/{id}/,632.92,ok,
2026-03-24T00:15:26.203230+05:30,POST,POST /jobs/,830.58,ok,
2026-03-24T00:15:26.215701+05:30,GET,GET /jobs/{id}/,514.62,ok,
2026-03-24T00:15:26.246377+05:30,GET,GET /health/,1114.9,ok,
2026-03-24T00:15:26.258250+05:30,POST,POST /jobs/,1327.51,ok,
2026-03-24T00:15:26.263973+05:30,GET,GET /jobs/{id}/,990.03,ok,
2026-03-24T00:15:26.331779+05:30,GET,GET /jobs/stats/,440.8,ok,
2026-03-24T00:15:26.347110+05:30,POST,POST /jobs/,1203.71,ok,
2026-03-24T00:15:26.356602+05:30,POST,POST /jobs/,666.77,ok,
2026-03-24T00:15:26.391910+05:30,GET,GET /jobs/{id}/,677.08,ok,
2026-03-24T00:15:26.450963+05:30,POST,POST /jobs/,3591.81,ok,
2026-03-24T00:15:26.487520+05:30,POST,POST /jobs/,3622.57,ok,
2026-03-24T00:15:26.510274+05:30,POST,POST /jobs/,2981.41,ok,
2026-03-24T00:15:26.695302+05:30,GET,GET /health/,3520.77,ok,
2026-03-24T00:15:26.738216+05:30,GET,GET /jobs/stats/,2280.95,ok,
2026-03-24T00:15:26.738810+05:30,GET,GET /jobs/{id}/,1279.88,ok,
2026-03-24T00:15:26.806148+05:30,GET,GET /health/,913.98,ok,
2026-03-24T00:15:26.812694+05:30,GET,GET /jobs/{id}/,899.36,ok,
2026-03-24T00:15:26.813085+05:30,POST,POST /jobs/,3947.45,ok,
2026-03-24T00:15:26.816072+05:30,GET,GET /jobs/{id}/,967.9,ok,
2026-03-24T00:15:26.816508+05:30,GET,GET /jobs/{id}/,827.45,ok,
2026-03-24T00:15:26.846767+05:30,GET,GET /jobs/{id}/,834.65,ok,
2026-03-24T00:15:26.949328+05:30,GET,GET /jobs/{id}/,822.31,ok,
2026-03-24T00:15:26.998945+05:30,GET,GET /jobs/{id}/,739.4,ok,
2026-03-24T00:15:27.007797+05:30,GET,GET /jobs/stats/,1032.17,ok,
2026-03-24T00:15:27.017402+05:30,POST,POST /jobs/,1107.67,ok,
2026-03-24T00:15:27.121586+05:30,POST,POST /jobs/,1006.15,ok,
2026-03-24T00:15:27.131674+05:30,POST,POST /jobs/,1329.6,ok,
2026-03-24T00:15:27.221958+05:30,GET,GET /jobs/stats/,811.58,ok,
2026-03-24T00:15:27.237169+05:30,GET,GET /jobs/{id}/,795.37,ok,
2026-03-24T00:15:27.240785+05:30,POST,POST /jobs/,1821.8,ok,
2026-03-24T00:15:27.305652+05:30,GET,GET /health/,687.33,ok,
2026-03-24T00:15:27.310353+05:30,GET,GET /health/,876.29,ok,
2026-03-24T00:15:27.354501+05:30,GET,GET /jobs/stats/,888.24,ok,
2026-03-24T00:15:27.427765+05:30,GET,GET /jobs/stats/,632.36,ok,
2026-03-24T00:15:27.497998+05:30,GET,GET /jobs/stats/,584.25,ok,
2026-03-24T00:15:27.529975+05:30,GET,GET /jobs/{id}/,1022.76,ok,
2026-03-24T00:15:27.537264+05:30,POST,POST /jobs/,1194.3,ok,
2026-03-24T00:15:27.548753+05:30,GET,GET /jobs/{id}/,587.88,ok,
2026-03-24T00:15:27.640373+05:30,POST,POST /jobs/,4775.96,ok,
2026-03-24T00:15:27.644230+05:30,POST,POST /jobs/,872.92,ok,
2026-03-24T00:15:27.650095+05:30,POST,POST /jobs/,3884.18,ok,
2026-03-24T00:15:27.664932+05:30,GET,GET /jobs/{id}/,725.71,ok,
2026-03-24T00:15:27.725259+05:30,GET,GET /health/,744.04,ok,
2026-03-24T00:15:27.745170+05:30,GET,GET /health/,2880.3,ok,
2026-03-24T00:15:27.842324+05:30,GET,GET /jobs/{id}/,651.54,ok,
2026-03-24T00:15:27.843860+05:30,POST,POST /jobs/,4776.41,ok,
2026-03-24T00:15:27.872005+05:30,GET,GET /jobs/{id}/,537.7,ok,
2026-03-24T00:15:27.880296+05:30,GET,GET /health/,774.54,ok,
2026-03-24T00:15:27.942589+05:30,GET,GET /jobs/{id}/,593.81,ok,
2026-03-24T00:15:27.948150+05:30,GET,GET /jobs/{id}/,774.06,ok,
2026-03-24T00:15:27.952987+05:30,GET,GET /jobs/{id}/,905.59,ok,
2026-03-24T00:15:27.966919+05:30,GET,GET /jobs/stats/,1057.06,ok,
2026-03-24T00:15:28.029047+05:30,GET,GET /jobs/{id}/,888.85,ok,
2026-03-24T00:15:28.077445+05:30,POST,POST /jobs/,1584.46,ok,
2026-03-24T00:15:28.095229+05:30,GET,GET /jobs/stats/,2842.38,ok,
2026-03-24T00:15:28.267090+05:30,POST,POST /jobs/,4394.36,ok,
2026-03-24T00:15:28.279061+05:30,GET,GET /jobs/stats/,2526.45,ok,
2026-03-24T00:15:28.298128+05:30,GET,GET /jobs/{id}/,705.27,ok,
2026-03-24T00:15:28.313724+05:30,GET,GET /jobs/stats/,748.94,ok,
2026-03-24T00:15:28.322891+05:30,POST,POST /jobs/,4599.67,ok,
2026-03-24T00:15:28.394150+05:30,POST,POST /jobs/,1903.04,ok,
2026-03-24T00:15:28.409271+05:30,POST,POST /jobs/,1186.97,ok,
2026-03-24T00:15:28.430392+05:30,POST,POST /jobs/,3526.11,ok,
2026-03-24T00:15:28.449843+05:30,GET,GET /jobs/{id}/,752.23,ok,
2026-03-24T00:15:28.457212+05:30,POST,POST /jobs/,916.69,ok,
2026-03-24T00:15:28.475935+05:30,POST,POST /jobs/,5606.1,ok,
2026-03-24T00:15:28.526718+05:30,GET,GET /jobs/{id}/,646.05,ok,
2026-03-24T00:15:28.611039+05:30,GET,GET /jobs/{id}/,746.24,ok,
2026-03-24T00:15:28.613527+05:30,GET,GET /jobs/{id}/,811.54,ok,
2026-03-24T00:15:28.763263+05:30,GET,GET /jobs/{id}/,998.58,ok,
2026-03-24T00:15:28.770735+05:30,GET,GET /jobs/{id}/,418.85,ok,
2026-03-24T00:15:28.779577+05:30,POST,POST /jobs/,1090.08,ok,
2026-03-24T00:15:28.872591+05:30,GET,GET /health/,860.87,ok,
2026-03-24T00:15:28.878795+05:30,GET,GET /jobs/{id}/,1001.28,ok,
2026-03-24T00:15:28.902209+05:30,POST,POST /jobs/,799.5,ok,
2026-03-24T00:15:29.146236+05:30,GET,GET /health/,591.52,ok,
2026-03-24T00:15:29.180932+05:30,GET,GET /jobs/stats/,763.01,ok,
2026-03-24T00:15:29.206122+05:30,GET,GET /health/,901.55,ok,
2026-03-24T00:15:29.223554+05:30,GET,GET /jobs/{id}/,410.39,ok,
2026-03-24T00:15:29.326532+05:30,GET,GET /jobs/{id}/,701.52,ok,
2026-03-24T00:15:29.355277+05:30,POST,POST /jobs/,4279.76,ok,
2026-03-24T00:15:29.366071+05:30,GET,GET /jobs/stats/,647.92,ok,
2026-03-24T00:15:29.385502+05:30,GET,GET /jobs/{id}/,794.05,ok,
2026-03-24T00:15:29.480598+05:30,GET,GET /jobs/{id}/,754.22,ok,
2026-03-24T00:15:29.483914+05:30,GET,GET /health/,1204.61,ok,
2026-03-24T00:15:29.527028+05:30,GET,GET /jobs/{id}/,692.95,ok,
2026-03-24T00:15:29.547750+05:30,GET,GET /health/,774.61,ok,
2026-03-24T00:15:29.794855+05:30,POST,POST /jobs/,4931.43,ok,
2026-03-24T00:15:29.803873+05:30,GET,GET /jobs/{id}/,648.08,ok,
2026-03-24T00:15:29.812958+05:30,GET,GET /jobs/{id}/,639.13,ok,
2026-03-24T00:15:29.820403+05:30,POST,POST /jobs/,3620.73,ok,
2026-03-24T00:15:29.850183+05:30,GET,GET /health/,798.52,ok,
2026-03-24T00:15:29.860086+05:30,GET,GET /health/,924.07,ok,
2026-03-24T00:15:29.885146+05:30,POST,POST /jobs/,5047.79,ok,
2026-03-24T00:15:29.886707+05:30,GET,GET /jobs/stats/,516.39,ok,
2026-03-24T00:15:29.953599+05:30,GET,GET /jobs/{id}/,261.78,ok,
2026-03-24T00:15:30.204735+05:30,GET,GET /jobs/{id}/,708.89,ok,
2026-03-24T00:15:30.252518+05:30,POST,POST /jobs/,2253.07,ok,
2026-03-24T00:15:30.279540+05:30,GET,GET /jobs/{id}/,802.67,ok,
2026-03-24T00:15:30.288837+05:30,POST,POST /jobs/,1023.19,ok,
2026-03-24T00:15:30.317991+05:30,GET,GET /jobs/stats/,825.5,ok,
2026-03-24T00:15:30.330504+05:30,GET,GET /jobs/{id}/,654.33,ok,
2026-03-24T00:15:30.337696+05:30,POST,POST /jobs/,2451.88,ok,
2026-03-24T00:15:30.375440+05:30,GET,GET /health/,1015.84,ok,
2026-03-24T00:15:30.397737+05:30,POST,POST /jobs/,1947.53,ok,
2026-03-24T00:15:30.409966+05:30,GET,GET /jobs/{id}/,687.34,ok,
2026-03-24T00:15:30.433618+05:30,GET,GET /health/,561.3,ok,
2026-03-24T00:15:30.442237+05:30,POST,POST /jobs/,7360.32,ok,
2026-03-24T00:15:30.507644+05:30,GET,GET /jobs/stats/,4146.57,ok,
2026-03-24T00:15:30.564446+05:30,GET,GET /jobs/{id}/,578.49,ok,
2026-03-24T00:15:30.569644+05:30,GET,GET /health/,1000.59,ok,
2026-03-24T00:15:30.640468+05:30,POST,POST /jobs/,4008.86,ok,
2026-03-24T00:15:30.650064+05:30,GET,GET /health/,3655.95,ok,
2026-03-24T00:15:30.678977+05:30,GET,GET /jobs/{id}/,593.25,ok,
2026-03-24T00:15:30.751414+05:30,POST,POST /jobs/,2556.01,ok,
2026-03-24T00:15:30.751851+05:30,POST,POST /jobs/,2124.61,ok,
2026-03-24T00:15:30.772487+05:30,GET,GET /jobs/{id}/,378.83,ok,
2026-03-24T00:15:30.833725+05:30,POST,POST /jobs/,3580.33,ok,
2026-03-24T00:15:30.852394+05:30,POST,POST /jobs/,2306.12,ok,
2026-03-24T00:15:30.860378+05:30,GET,GET /jobs/{id}/,510.53,ok,
2026-03-24T00:15:30.894839+05:30,POST,POST /jobs/,5690.42,ok,
2026-03-24T00:15:30.950828+05:30,GET,GET /jobs/{id}/,880.75,ok,
2026-03-24T00:15:30.963601+05:30,POST,POST /jobs/,1830.29,ok,
2026-03-24T00:15:30.981399+05:30,POST,POST /jobs/,5485.44,ok,
2026-03-24T00:15:30.981831+05:30,GET,GET /health/,936.67,ok,
2026-03-24T00:15:30.998266+05:30,GET,GET /jobs/{id}/,607.54,ok,
2026-03-24T00:15:31.065996+05:30,POST,POST /jobs/,1712.41,ok,
2026-03-24T00:15:31.147871+05:30,GET,GET /jobs/stats/,617.67,ok,
2026-03-24T00:15:31.158239+05:30,POST,POST /jobs/,1495.24,ok,
2026-03-24T00:15:31.172697+05:30,GET,GET /health/,831.51,ok,
2026-03-24T00:15:31.212764+05:30,POST,POST /jobs/,5431.87,ok,
2026-03-24T00:15:31.277758+05:30,POST,POST /jobs/,802.7,ok,
2026-03-24T00:15:31.416777+05:30,GET,GET /jobs/{id}/,728.36,ok,
2026-03-24T00:15:31.421952+05:30,GET,GET /health/,4969.39,ok,
2026-03-24T00:15:31.429074+05:30,GET,GET /health/,743.39,ok,
2026-03-24T00:15:31.430774+05:30,POST,POST /jobs/,4592.18,ok,
2026-03-24T00:15:31.473488+05:30,GET,GET /jobs/{id}/,810.7,ok,
2026-03-24T00:15:31.507820+05:30,GET,GET /jobs/{id}/,368.88,ok,
2026-03-24T00:15:31.520649+05:30,GET,GET /health/,671.54,ok,
2026-03-24T00:15:31.566627+05:30,GET,GET /jobs/{id}/,1128.47,ok,
2026-03-24T00:15:31.614396+05:30,GET,GET /jobs/stats/,530.69,ok,
2026-03-24T00:15:31.626578+05:30,POST,POST /jobs/,4198.38,ok,
2026-03-24T00:15:31.814686+05:30,GET,GET /jobs/{id}/,502.5,ok,
2026-03-24T00:15:31.863187+05:30,GET,GET /jobs/{id}/,582.83,ok,
2026-03-24T00:15:31.881889+05:30,GET,GET /health/,675.58,ok,
2026-03-24T00:15:31.916855+05:30,GET,GET /jobs/{id}/,599.03,ok,
2026-03-24T00:15:31.923106+05:30,GET,GET /health/,850.83,ok,
2026-03-24T00:15:31.951792+05:30,GET,GET /jobs/{id}/,852.63,ok,
2026-03-24T00:15:31.992130+05:30,GET,GET /jobs/stats/,544.01,ok,
2026-03-24T00:15:32.006863+05:30,GET,GET /jobs/{id}/,112.43,ok,
2026-03-24T00:15:32.090550+05:30,GET,GET /jobs/{id}/,377.55,ok,
2026-03-24T00:15:32.242827+05:30,POST,POST /jobs/,6377.2,ok,
2026-03-24T00:15:32.352625+05:30,GET,GET /jobs/stats/,270.05,ok,
2026-03-24T00:15:32.368403+05:30,GET,GET /jobs/stats/,284.38,ok,
2026-03-24T00:15:32.376513+05:30,GET,GET /jobs/stats/,590.92,ok,
2026-03-24T00:15:32.505843+05:30,GET,GET /jobs/{id}/,483.89,ok,
2026-03-24T00:15:32.532284+05:30,GET,GET /jobs/{id}/,602.6,ok,
2026-03-24T00:15:32.750697+05:30,POST,POST /jobs/,2726.87,ok,
2026-03-24T00:15:32.813142+05:30,GET,GET /jobs/{id}/,757.79,ok,
2026-03-24T00:15:32.849498+05:30,GET,GET /jobs/{id}/,390.19,ok,
2026-03-24T00:15:32.905402+05:30,GET,GET /health/,3255.18,ok,
2026-03-24T00:15:33.027725+05:30,POST,POST /jobs/,3291.98,ok,
2026-03-24T00:15:33.062133+05:30,GET,GET /jobs/{id}/,604.32,ok,
2026-03-24T00:15:33.129252+05:30,POST,POST /jobs/,7262.18,ok,
2026-03-24T00:15:33.178011+05:30,POST,POST /jobs/,3488.53,ok,
2026-03-24T00:15:33.188163+05:30,POST,POST /jobs/,4550.9,ok,
2026-03-24T00:15:33.202431+05:30,GET,GET /jobs/{id}/,909.04,ok,
2026-03-24T00:15:33.229015+05:30,GET,GET /jobs/stats/,689.84,ok,
2026-03-24T00:15:33.234797+05:30,POST,POST /jobs/,6193.78,ok,
2026-03-24T00:15:33.251193+05:30,GET,GET /jobs/{id}/,833.15,ok,
2026-03-24T00:15:33.291642+05:30,POST,POST /jobs/,1345.91,ok,
2026-03-24T00:15:33.320429+05:30,GET,GET /jobs/{id}/,940.3,ok,
2026-03-24T00:15:33.354009+05:30,POST,POST /jobs/,2992.61,ok,
2026-03-24T00:15:33.394942+05:30,GET,GET /health/,354.46,ok,
2026-03-24T00:15:33.401675+05:30,GET,GET /jobs/{id}/,614.94,ok,
2026-03-24T00:15:33.449084+05:30,GET,GET /jobs/stats/,865.56,ok,
2026-03-24T00:15:33.455640+05:30,GET,GET /jobs/{id}/,1007.77,ok,
2026-03-24T00:15:33.490191+05:30,GET,GET /jobs/{id}/,922.97,ok,
2026-03-24T00:15:33.568199+05:30,POST,POST /jobs/,2707.46,ok,
2026-03-24T00:15:33.624253+05:30,POST,POST /jobs/,7851.82,ok,
2026-03-24T00:15:33.721027+05:30,POST,POST /jobs/,9703.27,ok,
2026-03-24T00:15:33.726331+05:30,GET,GET /jobs/{id}/,797.36,ok,
2026-03-24T00:15:33.754709+05:30,POST,POST /jobs/,4129.78,ok,
2026-03-24T00:15:33.772028+05:30,POST,POST /jobs/,2719.72,ok,
2026-03-24T00:15:33.793072+05:30,POST,POST /jobs/,3342.46,ok,
2026-03-24T00:15:33.854695+05:30,GET,GET /jobs/stats/,815.78,ok,
2026-03-24T00:15:33.873871+05:30,GET,GET /health/,5052.76,ok,
2026-03-24T00:15:33.931639+05:30,GET,GET /health/,315.93,ok,
2026-03-24T00:15:33.957744+05:30,GET,GET /jobs/{id}/,1277.75,ok,
2026-03-24T00:15:33.967362+05:30,POST,POST /jobs/,4021.63,ok,
2026-03-24T00:15:33.986706+05:30,GET,GET /jobs/{id}/,1462.54,ok,
2026-03-24T00:15:34.041897+05:30,GET,GET /jobs/{id}/,877.43,ok,
2026-03-24T00:15:34.046303+05:30,POST,POST /jobs/,2813.24,ok,
2026-03-24T00:15:34.077235+05:30,GET,GET /health/,1206.29,ok,
2026-03-24T00:15:34.091798+05:30,GET,GET /jobs/stats/,953.63,ok,
2026-03-24T00:15:34.116408+05:30,POST,POST /jobs/,2843.55,ok,
2026-03-24T00:15:34.141068+05:30,POST,POST /jobs/,5972.72,ok,
2026-03-24T00:15:34.146802+05:30,POST,POST /jobs/,2820.29,ok,
2026-03-24T00:15:34.168204+05:30,POST,POST /jobs/,2843.97,ok,
2026-03-24T00:15:34.193403+05:30,GET,GET /health/,566.38,ok,
2026-03-24T00:15:34.223941+05:30,GET,GET /jobs/{id}/,1447.59,ok,
2026-03-24T00:15:34.261130+05:30,GET,GET /jobs/{id}/,1135.52,ok,
2026-03-24T00:15:34.323627+05:30,GET,GET /health/,2805.42,ok,
2026-03-24T00:15:34.388009+05:30,GET,GET /jobs/stats/,650.2,ok,
2026-03-24T00:15:34.428545+05:30,GET,GET /health/,4494.44,ok,
2026-03-24T00:15:34.477767+05:30,GET,GET /health/,11552.53,ok,
2026-03-24T00:15:34.478083+05:30,GET,GET /health/,1367.64,ok,
2026-03-24T00:15:34.534318+05:30,POST,POST /jobs/,2951.67,ok,
2026-03-24T00:15:34.607356+05:30,POST,POST /jobs/,5150.81,ok,
2026-03-24T00:15:34.617593+05:30,GET,GET /jobs/stats/,800.21,ok,
2026-03-24T00:15:34.738938+05:30,POST,POST /jobs/,8271.21,ok,
2026-03-24T00:15:34.755827+05:30,GET,GET /jobs/{id}/,1291.65,ok,
2026-03-24T00:15:34.763212+05:30,POST,POST /jobs/,3235.04,ok,
2026-03-24T00:15:34.833356+05:30,GET,GET /jobs/stats/,1431.4,ok,
2026-03-24T00:15:34.857064+05:30,GET,GET /jobs/stats/,1743.28,ok,
2026-03-24T00:15:34.866976+05:30,POST,POST /jobs/,8089.72,ok,
2026-03-24T00:15:34.880736+05:30,GET,GET /health/,795.87,ok,
2026-03-24T00:15:34.891019+05:30,POST,POST /jobs/,2932.61,ok,
2026-03-24T00:15:34.909362+05:30,GET,GET /jobs/stats/,939.6,ok,
2026-03-24T00:15:34.960677+05:30,GET,GET /health/,715.2,ok,
2026-03-24T00:15:34.960950+05:30,GET,GET /jobs/stats/,10447.29,ok,
2026-03-24T00:15:34.964890+05:30,GET,GET /health/,790.25,ok,
2026-03-24T00:15:35.027215+05:30,GET,GET /jobs/{id}/,1034.34,ok,
2026-03-24T00:15:35.094882+05:30,GET,GET /health/,4380.11,ok,
2026-03-24T00:15:35.126360+05:30,GET,GET /health/,1071.54,ok,
2026-03-24T00:15:35.186725+05:30,GET,GET /jobs/{id}/,1187.89,ok,
2026-03-24T00:15:35.209409+05:30,GET,GET /health/,1517.19,ok,
2026-03-24T00:15:35.218958+05:30,GET,GET /jobs/{id}/,775.75,ok,
2026-03-24T00:15:35.219797+05:30,GET,GET /jobs/{id}/,814.13,ok,
2026-03-24T00:15:35.220546+05:30,GET,GET /jobs/{id}/,1223.92,ok,
2026-03-24T00:15:35.230066+05:30,GET,GET /health/,1071.22,ok,
2026-03-24T00:15:35.291186+05:30,GET,GET /jobs/stats/,825.92,ok,
2026-03-24T00:15:35.294053+05:30,GET,GET /jobs/stats/,705.75,ok,
2026-03-24T00:15:35.317055+05:30,POST,POST /jobs/,5097.24,ok,
2026-03-24T00:15:35.323791+05:30,POST,POST /jobs/,8893.79,ok,
2026-03-24T00:15:35.339968+05:30,POST,POST /jobs/,8644.31,ok,
2026-03-24T00:15:35.384455+05:30,GET,GET /jobs/{id}/,684.44,ok,
2026-03-24T00:15:35.425600+05:30,POST,POST /jobs/,3227.43,ok,
2026-03-24T00:15:35.427176+05:30,POST,POST /jobs/,3388.91,ok,
2026-03-24T00:15:35.432090+05:30,GET,GET /jobs/{id}/,330.71,ok,
2026-03-24T00:15:35.435219+05:30,GET,GET /jobs/{id}/,835.75,ok,
2026-03-24T00:15:35.451959+05:30,POST,POST /jobs/,5190.89,ok,
2026-03-24T00:15:35.668707+05:30,POST,POST /jobs/,3568.66,ok,
2026-03-24T00:15:35.672486+05:30,GET,GET /health/,4578.37,ok,
2026-03-24T00:15:35.770421+05:30,POST,POST /jobs/,3161.57,ok,
2026-03-24T00:15:35.773322+05:30,GET,GET /jobs/{id}/,874.15,ok,
2026-03-24T00:15:35.798772+05:30,POST,POST /jobs/,4407.27,ok,
2026-03-24T00:15:35.814721+05:30,GET,GET /jobs/stats/,368.14,ok,
2026-03-24T00:15:35.838079+05:30,POST,POST /jobs/,3146.58,ok,
2026-03-24T00:15:35.859457+05:30,POST,POST /jobs/,3426.9,ok,
2026-03-24T00:15:35.886709+05:30,POST,POST /jobs/,998.57,ok,
2026-03-24T00:15:35.888070+05:30,GET,GET /jobs/stats/,601.08,ok,
2026-03-24T00:15:35.897135+05:30,GET,GET /health/,369.98,ok,
2026-03-24T00:15:35.938067+05:30,GET,GET /jobs/{id}/,694.49,ok,
2026-03-24T00:15:36.018689+05:30,GET,GET /jobs/{id}/,630.19,ok,
2026-03-24T00:15:36.118393+05:30,GET,GET /jobs/{id}/,852.02,ok,
2026-03-24T00:15:36.259494+05:30,GET,GET /jobs/stats/,5515.54,ok,
2026-03-24T00:15:36.398940+05:30,POST,POST /jobs/,9159.62,ok,
2026-03-24T00:15:36.404578+05:30,POST,POST /jobs/,9254.81,ok,
2026-03-24T00:15:36.450857+05:30,GET,GET /jobs/stats/,549.2,ok,
2026-03-24T00:15:36.491444+05:30,GET,GET /jobs/stats/,9987.65,ok,
2026-03-24T00:15:36.491797+05:30,GET,GET /jobs/{id}/,974.26,ok,
2026-03-24T00:15:36.504151+05:30,POST,POST /jobs/,3305.99,ok,
2026-03-24T00:15:36.533881+05:30,GET,GET /jobs/stats/,1004.82,ok,
2026-03-24T00:15:36.543315+05:30,POST,POST /jobs/,3788.06,ok,
2026-03-24T00:15:36.565428+05:30,GET,GET /jobs/{id}/,617.89,ok,
2026-03-24T00:15:36.609117+05:30,POST,POST /jobs/,9219.97,ok,
2026-03-24T00:15:36.638322+05:30,POST,POST /jobs/,3561.62,ok,
2026-03-24T00:15:36.828188+05:30,POST,POST /jobs/,7572.11,ok,
2026-03-24T00:15:36.834849+05:30,GET,GET /health/,505.21,ok,
2026-03-24T00:15:36.842671+05:30,POST,POST /jobs/,10780.68,ok,
2026-03-24T00:15:36.855920+05:30,GET,GET /jobs/stats/,10439.81,ok,
2026-03-24T00:15:36.884426+05:30,POST,POST /jobs/,3370.19,ok,
2026-03-24T00:15:36.888653+05:30,GET,GET /jobs/{id}/,664.81,ok,
2026-03-24T00:15:36.907166+05:30,POST,POST /jobs/,3500.91,ok,
2026-03-24T00:15:36.952042+05:30,GET,GET /jobs/stats/,674.25,ok,
2026-03-24T00:15:36.965135+05:30,GET,GET /jobs/{id}/,976.16,ok,
2026-03-24T00:15:37.100858+05:30,GET,GET /jobs/{id}/,882.6,ok,
2026-03-24T00:15:37.151509+05:30,GET,GET /jobs/{id}/,1438.71,ok,
2026-03-24T00:15:37.164527+05:30,GET,GET /jobs/{id}/,1308.09,ok,
2026-03-24T00:15:37.171440+05:30,POST,POST /jobs/,958.54,ok,
2026-03-24T00:15:37.236189+05:30,GET,GET /jobs/stats/,771.04,ok,
2026-03-24T00:15:37.291028+05:30,GET,GET /health/,868.77,ok,
2026-03-24T00:15:37.295629+05:30,GET,GET /health/,1560.36,ok,
2026-03-24T00:15:37.603305+05:30,POST,POST /jobs/,4083.67,ok,
2026-03-24T00:15:37.762765+05:30,GET,GET /jobs/{id}/,1770.0,ok,
2026-03-24T00:15:37.790014+05:30,GET,GET /jobs/{id}/,1303.83,ok,
2026-03-24T00:15:37.810535+05:30,GET,GET /jobs/{id}/,1809.09,ok,
2026-03-24T00:15:37.814666+05:30,GET,GET /jobs/{id}/,1702.35,ok,
2026-03-24T00:15:37.821832+05:30,GET,GET /jobs/stats/,562.23,ok,
2026-03-24T00:15:37.855560+05:30,GET,GET /health/,1016.78,ok,
2026-03-24T00:15:37.912080+05:30,GET,GET /jobs/{id}/,1921.39,ok,
2026-03-24T00:15:37.931952+05:30,GET,GET /health/,1808.1,ok,
2026-03-24T00:15:37.985034+05:30,GET,GET /jobs/{id}/,1504.85,ok,
2026-03-24T00:15:38.014848+05:30,GET,GET /jobs/{id}/,1376.16,ok,
2026-03-24T00:15:38.072577+05:30,GET,GET /jobs/{id}/,1280.02,ok,
2026-03-24T00:15:38.075522+05:30,POST,POST /jobs/,3128.04,ok,
2026-03-24T00:15:38.076183+05:30,POST,POST /jobs/,4370.83,ok,
2026-03-24T00:15:38.076712+05:30,GET,GET /jobs/{id}/,1200.6,ok,
2026-03-24T00:15:38.089929+05:30,GET,GET /health/,1025.77,ok,
2026-03-24T00:15:38.129300+05:30,GET,GET /jobs/{id}/,1205.31,ok,
2026-03-24T00:15:38.148565+05:30,POST,POST /jobs/,4364.45,ok,
2026-03-24T00:15:38.149164+05:30,POST,POST /jobs/,3583.07,ok,
2026-03-24T00:15:38.306432+05:30,GET,GET /health/,1596.76,ok,
2026-03-24T00:15:38.364630+05:30,POST,POST /jobs/,12490.94,ok,
2026-03-24T00:15:38.401012+05:30,POST,POST /jobs/,5767.91,ok,
2026-03-24T00:15:38.900111+05:30,GET,GET /jobs/{id}/,1985.22,ok,
2026-03-24T00:15:38.902540+05:30,POST,POST /jobs/,4917.96,ok,
2026-03-24T00:15:39.409071+05:30,POST,POST /jobs/,15501.01,error,0 - 
2026-03-24T00:15:39.410211+05:30,POST,POST /jobs/,15507.18,error,0 - 
2026-03-24T00:15:39.498896+05:30,GET,GET /health/,1910.43,ok,
2026-03-24T00:15:39.535000+05:30,POST,POST /jobs/,11267.56,ok,
2026-03-24T00:15:39.595705+05:30,GET,GET /health/,2938.55,ok,
2026-03-24T00:15:39.604381+05:30,GET,GET /health/,2548.69,ok,
2026-03-24T00:15:41.130692+05:30,GET,GET /jobs/{id}/,4508.86,ok,
2026-03-24T00:15:41.176153+05:30,GET,GET /jobs/stats/,2242.43,ok,
2026-03-24T00:15:41.180610+05:30,GET,GET /health/,6751.81,ok,
2026-03-24T00:15:41.219734+05:30,GET,GET /health/,3850.18,ok,
2026-03-24T00:15:41.270056+05:30,POST,POST /jobs/,8645.69,ok,
2026-03-24T00:15:41.283626+05:30,POST,POST /jobs/,6262.99,ok,
2026-03-24T00:15:44.469325+05:30,GET,GET /jobs/{id}/,7646.29,ok,
2026-03-24T00:15:44.485633+05:30,POST,POST /jobs/,9211.84,ok,
2026-03-24T00:15:44.500562+05:30,GET,GET /jobs/{id}/,7385.79,ok,
2026-03-24T00:15:44.608436+05:30,GET,GET /health/,6769.16,ok,
2026-03-24T00:15:44.638332+05:30,GET,GET /health/,6873.82,ok,
2026-03-24T00:15:44.860483+05:30,POST,POST /jobs/,7319.22,ok,
2026-03-24T00:15:44.889521+05:30,GET,GET /health/,6645.43,ok,
2026-03-24T00:15:44.907881+05:30,POST,POST /jobs/,9331.08,ok,
2026-03-24T00:15:44.923045+05:30,GET,GET /jobs/{id}/,7967.64,ok,
2026-03-24T00:15:44.938065+05:30,POST,POST /jobs/,10023.8,ok,
2026-03-24T00:15:44.954910+05:30,GET,GET /health/,3849.55,ok,
2026-03-24T00:15:44.962810+05:30,GET,GET /health/,7646.5,ok,
2026-03-24T00:15:44.968111+05:30,POST,POST /jobs/,9250.16,ok,
2026-03-24T00:15:44.974458+05:30,GET,GET /jobs/{id}/,6814.26,ok,
2026-03-24T00:15:44.986677+05:30,GET,GET /jobs/{id}/,7101.56,ok,
2026-03-24T00:15:44.998344+05:30,GET,GET /health/,7346.99,ok,
2026-03-24T00:15:45.010133+05:30,GET,GET /jobs/{id}/,7517.26,ok,
2026-03-24T00:15:45.056534+05:30,GET,GET /jobs/{id}/,8159.82,ok,
2026-03-24T00:15:45.062752+05:30,GET,GET /jobs/{id}/,7485.82,ok,
2026-03-24T00:15:45.082287+05:30,POST,POST /jobs/,22135.48,ok,
2026-03-24T00:15:45.091540+05:30,POST,POST /jobs/,12057.88,ok,
2026-03-24T00:15:45.092079+05:30,GET,GET /jobs/stats/,6872.6,ok,
2026-03-24T00:15:45.095249+05:30,GET,GET /health/,17589.57,ok,
2026-03-24T00:15:45.133152+05:30,GET,GET /jobs/stats/,6335.19,ok,
2026-03-24T00:15:45.172583+05:30,GET,GET /jobs/{id}/,6223.44,ok,
2026-03-24T00:15:45.186406+05:30,GET,GET /jobs/{id}/,7027.78,ok,
2026-03-24T00:15:45.191733+05:30,GET,GET /jobs/{id}/,7097.75,ok,
2026-03-24T00:15:45.192477+05:30,GET,GET /jobs/{id}/,7459.37,ok,
2026-03-24T00:15:45.200617+05:30,GET,GET /jobs/{id}/,6888.76,ok,
2026-03-24T00:15:45.218984+05:30,POST,POST /jobs/,11870.54,ok,
2026-03-24T00:15:45.220712+05:30,GET,GET /jobs/{id}/,5670.54,ok,
2026-03-24T00:15:45.293265+05:30,GET,GET /jobs/{id}/,8377.15,ok,
2026-03-24T00:15:45.298670+05:30,GET,GET /jobs/stats/,5726.93,ok,
2026-03-24T00:15:45.332664+05:30,GET,GET /jobs/{id}/,6952.21,ok,
2026-03-24T00:15:45.352433+05:30,GET,GET /jobs/{id}/,7167.8,ok,
2026-03-24T00:15:45.391391+05:30,GET,GET /jobs/{id}/,7598.84,ok,
2026-03-24T00:15:45.397373+05:30,GET,GET /health/,6080.14,ok,
2026-03-24T00:15:45.536723+05:30,GET,GET /jobs/stats/,8482.62,ok,
2026-03-24T00:15:45.593673+05:30,GET,GET /health/,4472.34,ok,
2026-03-24T00:15:45.603047+05:30,GET,GET /jobs/{id}/,8302.69,ok,
2026-03-24T00:15:45.653115+05:30,GET,GET /jobs/stats/,6060.49,ok,
2026-03-24T00:15:45.743867+05:30,GET,GET /jobs/{id}/,6200.2,ok,
2026-03-24T00:15:46.120540+05:30,GET,GET /jobs/{id}/,8279.92,ok,
2026-03-24T00:15:46.291108+05:30,GET,GET /jobs/{id}/,8601.42,ok,
2026-03-24T00:15:46.308787+05:30,GET,GET /health/,7780.34,ok,
2026-03-24T00:15:46.355453+05:30,GET,GET /jobs/{id}/,6913.36,ok,
2026-03-24T00:15:46.616910+05:30,GET,GET /jobs/stats/,2760.55,ok,
2026-03-24T00:15:46.720189+05:30,GET,GET /jobs/{id}/,7838.46,ok,
2026-03-24T00:15:46.873775+05:30,POST,POST /jobs/,17827.46,ok,
2026-03-24T00:15:46.933503+05:30,GET,GET /jobs/{id}/,5838.72,ok,
2026-03-24T00:15:47.080983+05:30,GET,GET /health/,7527.2,ok,
2026-03-24T00:15:47.157155+05:30,GET,GET /jobs/{id}/,9012.34,ok,
2026-03-24T00:15:47.363005+05:30,GET,GET /jobs/{id}/,7703.9,ok,
2026-03-24T00:15:47.404172+05:30,GET,GET /jobs/{id}/,9837.31,ok,
2026-03-24T00:15:47.404513+05:30,GET,GET /health/,8610.04,ok,
2026-03-24T00:15:47.421936+05:30,GET,GET /jobs/{id}/,9448.64,ok,
2026-03-24T00:15:47.560931+05:30,GET,GET /jobs/stats/,6317.81,ok,
2026-03-24T00:15:47.850711+05:30,GET,GET /jobs/stats/,1067.75,ok,
2026-03-24T00:15:47.873274+05:30,GET,GET /jobs/{id}/,9269.49,ok,
2026-03-24T00:15:47.874781+05:30,POST,POST /jobs/,14037.29,ok,
2026-03-24T00:15:47.887024+05:30,POST,POST /jobs/,14472.47,ok,
2026-03-24T00:15:47.923654+05:30,GET,GET /jobs/stats/,10971.32,ok,
2026-03-24T00:15:47.925063+05:30,GET,GET /jobs/stats/,1384.35,ok,
2026-03-24T00:15:47.932322+05:30,GET,GET /jobs/stats/,1793.09,ok,
2026-03-24T00:15:48.104456+05:30,POST,POST /jobs/,23526.29,ok,
2026-03-24T00:15:48.131541+05:30,POST,POST /jobs/,12254.8,ok,
2026-03-24T00:15:48.139187+05:30,GET,GET /jobs/{id}/,8442.59,ok,
2026-03-24T00:15:48.162217+05:30,GET,GET /jobs/stats/,1584.65,ok,
2026-03-24T00:15:48.265433+05:30,POST,POST /jobs/,7205.01,ok,
2026-03-24T00:15:48.300758+05:30,GET,GET /jobs/{id}/,6320.67,ok,
2026-03-24T00:15:48.491761+05:30,POST,POST /jobs/,7454.93,ok,
2026-03-24T00:15:48.514280+05:30,POST,POST /jobs/,11554.76,ok,
2026-03-24T00:15:48.656716+05:30,GET,GET /jobs/{id}/,990.38,ok,
2026-03-24T00:15:48.728532+05:30,GET,GET /jobs/{id}/,2090.57,ok,
2026-03-24T00:15:48.755904+05:30,GET,GET /jobs/stats/,1023.32,ok,
2026-03-24T00:15:48.775816+05:30,POST,POST /jobs/,10698.71,ok,
2026-03-24T00:15:48.813055+05:30,GET,GET /jobs/{id}/,2425.16,ok,
2026-03-24T00:15:48.832463+05:30,POST,POST /jobs/,19697.54,ok,
2026-03-24T00:15:48.930569+05:30,GET,GET /jobs/{id}/,2368.89,ok,
2026-03-24T00:15:48.948110+05:30,GET,GET /jobs/stats/,1694.04,ok,
2026-03-24T00:15:48.970004+05:30,GET,GET /jobs/{id}/,2772.72,ok,
2026-03-24T00:15:49.042367+05:30,GET,GET /jobs/stats/,1933.9,ok,
2026-03-24T00:15:49.114616+05:30,POST,POST /jobs/,24625.2,ok,
2026-03-24T00:15:49.303056+05:30,POST,POST /jobs/,2436.11,ok,
2026-03-24T00:15:49.329660+05:30,GET,GET /jobs/{id}/,3137.13,ok,
2026-03-24T00:15:49.711194+05:30,GET,GET /jobs/{id}/,2470.37,ok,
2026-03-24T00:15:49.861121+05:30,POST,POST /jobs/,13240.73,ok,
2026-03-24T00:15:49.898280+05:30,GET,GET /jobs/{id}/,2757.47,ok,
2026-03-24T00:15:50.056129+05:30,GET,GET /jobs/{id}/,2968.06,ok,
2026-03-24T00:15:50.061841+05:30,GET,GET /jobs/{id}/,3482.94,ok,
2026-03-24T00:15:50.126541+05:30,GET,GET /jobs/{id}/,3301.22,ok,
2026-03-24T00:15:50.317681+05:30,GET,GET /health/,3138.61,ok,
2026-03-24T00:15:50.882289+05:30,GET,GET /health/,1242.43,ok,
2026-03-24T00:15:50.916634+05:30,POST,POST /jobs/,18480.03,ok,
2026-03-24T00:15:50.923289+05:30,POST,POST /jobs/,14009.51,ok,
2026-03-24T00:15:51.753879+05:30,GET,GET /health/,4325.18,ok,
2026-03-24T00:15:51.787798+05:30,POST,POST /jobs/,16964.6,ok,
2026-03-24T00:15:52.467717+05:30,POST,POST /jobs/,16999.85,ok,
2026-03-24T00:15:52.480503+05:30,GET,GET /jobs/{id}/,5934.93,ok,
2026-03-24T00:15:52.486591+05:30,GET,GET /jobs/{id}/,4981.44,ok,
2026-03-24T00:15:52.495409+05:30,GET,GET /jobs/{id}/,5090.6,ok,
2026-03-24T00:15:52.510668+05:30,POST,POST /jobs/,28629.18,error,0 - 
2026-03-24T00:15:52.513316+05:30,GET,GET /jobs/{id}/,4612.83,ok,
2026-03-24T00:15:52.525716+05:30,GET,GET /jobs/{id}/,5462.25,ok,
2026-03-24T00:15:52.571056+05:30,GET,GET /jobs/{id}/,4780.78,ok,
2026-03-24T00:15:52.609603+05:30,POST,POST /jobs/,21846.09,ok,
2026-03-24T00:15:52.689785+05:30,GET,GET /jobs/{id}/,5502.13,ok,
2026-03-24T00:15:53.407696+05:30,POST,POST /jobs/,15448.12,ok,
2026-03-24T00:15:53.453382+05:30,GET,GET /jobs/{id}/,7411.23,ok,
2026-03-24T00:15:53.491938+05:30,GET,GET /health/,1941.87,error,503
2026-03-24T00:15:53.589878+05:30,GET,GET /jobs/{id}/,5950.07,ok,
2026-03-24T00:15:53.650647+05:30,GET,GET /jobs/{id}/,6651.25,ok,
2026-03-24T00:15:53.679652+05:30,GET,GET /jobs/{id}/,5606.93,ok,
2026-03-24T00:15:54.144166+05:30,GET,GET /jobs/{id}/,6094.96,ok,
2026-03-24T00:15:54.244827+05:30,POST,POST /jobs/,15849.71,ok,
2026-03-24T00:15:54.253818+05:30,POST,POST /jobs/,24396.61,ok,
2026-03-24T00:15:54.275904+05:30,POST,POST /jobs/,23715.49,ok,
2026-03-24T00:15:54.286434+05:30,POST,POST /jobs/,16416.67,ok,
2026-03-24T00:15:54.287777+05:30,GET,GET /jobs/{id}/,5666.01,ok,
2026-03-24T00:15:54.374818+05:30,GET,GET /health/,4543.9,error,503
2026-03-24T00:15:54.408301+05:30,GET,GET /jobs/stats/,27854.6,ok,
2026-03-24T00:15:54.421410+05:30,GET,GET /jobs/{id}/,5165.18,ok,
2026-03-24T00:15:54.437826+05:30,GET,GET /jobs/stats/,24469.82,ok,
2026-03-24T00:15:54.612768+05:30,POST,POST /jobs/,24748.95,ok,
2026-03-24T00:15:54.641628+05:30,POST,POST /jobs/,18806.13,ok,
2026-03-24T00:15:54.662568+05:30,POST,POST /jobs/,15779.61,ok,
2026-03-24T00:15:54.755462+05:30,GET,GET /jobs/{id}/,6030.75,ok,
2026-03-24T00:15:54.815591+05:30,POST,POST /jobs/,24268.38,ok,
2026-03-24T00:15:55.025502+05:30,GET,GET /jobs/{id}/,6049.79,ok,
2026-03-24T00:15:55.045145+05:30,GET,GET /jobs/{id}/,6723.34,ok,
2026-03-24T00:15:55.075413+05:30,POST,POST /jobs/,27033.69,ok,
2026-03-24T00:15:55.583146+05:30,GET,GET /jobs/stats/,29705.81,error,0
2026-03-24T00:15:55.583788+05:30,GET,GET /health/,29704.13,error,0
2026-03-24T00:15:55.975276+05:30,GET,GET /health/,14854.92,ok,
2026-03-24T00:15:56.392018+05:30,GET,GET /health/,944.21,ok,
2026-03-24T00:15:57.393893+05:30,GET,GET /health/,2694.82,ok,
2026-03-24T00:15:59.170646+05:30,GET,GET /jobs/{id}/,9626.83,ok,
2026-03-24T00:16:00.316196+05:30,POST,POST /jobs/,23066.45,ok,
2026-03-24T00:16:00.331931+05:30,GET,GET /jobs/{id}/,12281.08,ok,
2026-03-24T00:16:00.541207+05:30,GET,GET /jobs/{id}/,11021.41,ok,
2026-03-24T00:16:00.937172+05:30,GET,GET /jobs/{id}/,14487.4,ok,
2026-03-24T00:16:00.990136+05:30,GET,GET /jobs/{id}/,9085.47,ok,
2026-03-24T00:16:01.090976+05:30,POST,POST /jobs/,22619.72,ok,
2026-03-24T00:16:01.290338+05:30,POST,POST /jobs/,13599.46,ok,
2026-03-24T00:16:01.454931+05:30,POST,POST /jobs/,23069.11,ok,
2026-03-24T00:16:02.086110+05:30,GET,GET /jobs/{id}/,9897.33,ok,
2026-03-24T00:16:04.365999+05:30,GET,GET /health/,6741.63,ok,
2026-03-24T00:16:04.395916+05:30,GET,GET /jobs/{id}/,23365.32,error,500
2026-03-24T00:16:04.509540+05:30,GET,GET /health/,7862.71,error,503
2026-03-24T00:16:04.533858+05:30,POST,POST /jobs/,25346.04,error,"500 - <!DOCTYPE html>
<html lang=""en"">
<head>
  <meta http-equiv=""content-type"" content=""text/html; charset=utf-8"">
  <meta na"
2026-03-24T00:16:04.646647+05:30,GET,GET /jobs/{id}/,11402.93,ok,
2026-03-24T00:16:04.921919+05:30,GET,GET /jobs/{id}/,21121.09,error,500
2026-03-24T00:16:04.949851+05:30,GET,GET /jobs/{id}/,23862.05,error,500
2026-03-24T00:16:05.106725+05:30,POST,POST /jobs/,39231.58,ok,
2026-03-24T00:16:05.165124+05:30,POST,POST /jobs/,28396.0,ok,
2026-03-24T00:16:05.245343+05:30,GET,GET /health/,24120.35,ok,
2026-03-24T00:16:05.286823+05:30,POST,POST /jobs/,24163.24,ok,
2026-03-24T00:16:05.353404+05:30,GET,GET /jobs/stats/,22664.21,error,500
2026-03-24T00:16:05.374534+05:30,POST,POST /jobs/,13298.78,ok,
2026-03-24T00:16:05.384846+05:30,GET,GET /health/,2153.79,error,503
2026-03-24T00:16:05.396381+05:30,POST,POST /jobs/,24271.9,ok,
2026-03-24T00:16:05.410947+05:30,GET,GET /jobs/stats/,24204.52,error,500
2026-03-24T00:16:05.443395+05:30,POST,POST /jobs/,21747.96,error,"500 - <!DOCTYPE html>
<html lang=""en"">
<head>
  <meta http-equiv=""content-type"" content=""text/html; charset=utf-8"">
  <meta na"
2026-03-24T00:16:05.452235+05:30,POST,POST /jobs/,26202.32,ok,
2026-03-24T00:16:05.479250+05:30,POST,POST /jobs/,23785.96,ok,
2026-03-24T00:16:05.551522+05:30,POST,POST /jobs/,11786.66,ok,
2026-03-24T00:16:05.645322+05:30,POST,POST /jobs/,28639.14,ok,
2026-03-24T00:16:05.660890+05:30,GET,GET /jobs/stats/,24207.13,error,500
2026-03-24T00:16:05.682745+05:30,GET,GET /jobs/stats/,24590.91,error,500
2026-03-24T00:16:05.718623+05:30,GET,GET /jobs/stats/,36731.94,error,500
2026-03-24T00:16:05.763905+05:30,GET,GET /health/,2521.82,error,503
2026-03-24T00:16:05.799475+05:30,POST,POST /jobs/,20404.57,ok,
2026-03-24T00:16:05.886439+05:30,GET,GET /health/,42009.19,error,503
2026-03-24T00:16:05.992204+05:30,GET,GET /jobs/stats/,2626.72,ok,
2026-03-24T00:16:05.993199+05:30,POST,POST /jobs/,40479.3,error,"500 - <!DOCTYPE html>
<html lang=""en"">
<head>
  <meta http-equiv=""content-type"" content=""text/html; charset=utf-8"">
  <meta na"
2026-03-24T00:16:06.163404+05:30,GET,GET /jobs/{id}/,25096.45,error,500
2026-03-24T00:16:06.193284+05:30,GET,GET /jobs/{id}/,12078.0,ok,
2026-03-24T00:16:06.359116+05:30,POST,POST /jobs/,20832.14,ok,
2026-03-24T00:16:06.650296+05:30,GET,GET /jobs/{id}/,12753.01,ok,
2026-03-24T00:16:06.952630+05:30,GET,GET /jobs/stats/,25862.6,error,500
2026-03-24T00:16:07.116536+05:30,GET,GET /jobs/stats/,1006.65,ok,
2026-03-24T00:16:07.117976+05:30,POST,POST /jobs/,25866.24,error,"500 - <!DOCTYPE html>
<html lang=""en"">
<head>
  <meta http-equiv=""content-type"" content=""text/html; charset=utf-8"">
  <meta na"
2026-03-24T00:16:07.163320+05:30,GET,GET /jobs/{id}/,25203.88,error,500
2026-03-24T00:16:07.343030+05:30,GET,GET /jobs/{id}/,26206.17,error,500
2026-03-24T00:16:07.611139+05:30,GET,GET /jobs/{id}/,13188.57,ok,
2026-03-24T00:16:07.822029+05:30,GET,GET /jobs/{id}/,26745.22,error,500
2026-03-24T00:16:07.826627+05:30,GET,GET /jobs/stats/,1392.98,ok,
2026-03-24T00:16:08.699699+05:30,POST,POST /jobs/,25011.62,error,"500 - <!DOCTYPE html>
<html lang=""en"">
<head>
  <meta http-equiv=""content-type"" content=""text/html; charset=utf-8"">
  <meta na"
2026-03-24T00:16:09.099645+05:30,GET,GET /jobs/{id}/,28012.84,error,500
2026-03-24T00:16:09.110818+05:30,GET,GET /health/,45230.42,ok,
2026-03-24T00:16:09.226740+05:30,POST,POST /jobs/,30956.02,ok,
2026-03-24T00:16:09.662500+05:30,POST,POST /jobs/,44788.32,error,0 - 
2026-03-24T00:16:10.312244+05:30,GET,GET /health/,46276.95,ok,
2026-03-24T00:16:10.518552+05:30,POST,POST /jobs/,29399.31,error,"500 - <!DOCTYPE html>
<html lang=""en"">
<head>
  <meta http-equiv=""content-type"" content=""text/html; charset=utf-8"">
  <meta na"
2026-03-24T00:16:10.918262+05:30,POST,POST /jobs/,45290.16,ok,
2026-03-24T00:16:10.949406+05:30,GET,GET /jobs/{id}/,16412.03,ok,
2026-03-24T00:16:11.258147+05:30,POST,POST /jobs/,24673.01,ok,
2026-03-24T00:16:11.427427+05:30,GET,GET /jobs/{id}/,30338.66,error,500
2026-03-24T00:16:11.848318+05:30,POST,POST /jobs/,30764.87,error,"500 - <!DOCTYPE html>
<html lang=""en"">
<head>
  <meta http-equiv=""content-type"" content=""text/html; charset=utf-8"">
  <meta na"
2026-03-24T00:16:13.236386+05:30,POST,POST /jobs/,49361.62,ok,
2026-03-24T00:16:13.311172+05:30,GET,GET /jobs/{id}/,34759.43,error,500
2026-03-24T00:16:13.365346+05:30,GET,GET /jobs/{id}/,24464.99,error,500
2026-03-24T00:16:13.451860+05:30,POST,POST /jobs/,26505.89,ok,
2026-03-24T00:16:13.479143+05:30,GET,GET /health/,4526.19,error,503
2026-03-24T00:16:13.687854+05:30,GET,GET /health/,3709.01,ok,
2026-03-24T00:16:13.874311+05:30,GET,GET /jobs/stats/,45851.98,error,500
2026-03-24T00:16:13.882342+05:30,GET,GET /jobs/{id}/,20640.0,ok,
2026-03-24T00:16:14.185901+05:30,POST,POST /jobs/,27382.64,ok,
2026-03-24T00:16:14.939443+05:30,POST,POST /jobs/,33873.62,ok,
2026-03-24T00:16:16.224356+05:30,POST,POST /jobs/,35109.59,error,"500 - <!DOCTYPE html>
<html lang=""en"">
<head>
  <meta http-equiv=""content-type"" content=""text/html; charset=utf-8"">
  <meta na"
2026-03-24T00:16:16.293721+05:30,POST,POST /jobs/,39288.89,ok,
2026-03-24T00:16:16.351154+05:30,GET,GET /jobs/{id}/,32460.38,error,500
2026-03-24T00:16:16.642032+05:30,POST,POST /jobs/,38970.34,ok,
2026-03-24T00:16:17.834152+05:30,GET,GET /health/,52955.74,error,503
2026-03-24T00:16:17.949628+05:30,GET,GET /jobs/{id}/,36830.03,error,500
2026-03-24T00:16:19.242887+05:30,POST,POST /jobs/,44646.24,ok,
2026-03-24T00:16:20.149281+05:30,POST,POST /jobs/,52335.3,ok,
2026-03-24T00:16:20.986872+05:30,GET,GET /jobs/{id}/,31862.73,error,500
2026-03-24T00:16:21.306862+05:30,POST,POST /jobs/,51613.92,ok,
2026-03-24T00:16:21.366785+05:30,POST,POST /jobs/,33835.12,ok,
2026-03-24T00:16:21.375325+05:30,POST,POST /jobs/,55876.29,ok,
2026-03-24T00:16:22.328303+05:30,POST,POST /jobs/,45506.53,ok,
2026-03-24T00:16:22.681201+05:30,GET,GET /jobs/{id}/,33647.09,error,500
2026-03-24T00:16:22.779472+05:30,GET,GET /jobs/{id}/,32037.17,error,500
2026-03-24T00:16:23.430648+05:30,POST,POST /jobs/,44579.97,ok,
2026-03-24T00:16:23.598526+05:30,GET,GET /jobs/stats/,32700.43,error,500
2026-03-24T00:16:23.892955+05:30,GET,GET /jobs/{id}/,42775.18,error,500
2026-03-24T00:16:23.987089+05:30,GET,GET /jobs/stats/,60103.13,error,500
2026-03-24T00:16:24.161745+05:30,POST,POST /jobs/,34210.8,error,"500 - <!DOCTYPE html>
<html lang=""en"">
<head>
  <meta http-equiv=""content-type"" content=""text/html; charset=utf-8"">
  <meta na"
2026-03-24T00:16:24.463908+05:30,GET,GET /health/,33730.52,error,500
2026-03-24T00:16:24.618921+05:30,POST,POST /jobs/,35943.64,ok,
2026-03-24T00:16:24.747449+05:30,POST,POST /jobs/,34213.58,error,"500 - <!DOCTYPE html>
<html lang=""en"">
<head>
  <meta http-equiv=""content-type"" content=""text/html; charset=utf-8"">
  <meta na"
2026-03-24T00:16:24.933892+05:30,POST,POST /jobs/,31438.34,ok,
2026-03-24T00:16:25.149852+05:30,GET,GET /jobs/{id}/,28857.72,error,500
2026-03-24T00:16:25.215623+05:30,GET,GET /jobs/{id}/,35369.18,error,500
2026-03-24T00:16:25.364138+05:30,GET,GET /jobs/{id}/,35175.06,error,500
2026-03-24T00:16:25.469704+05:30,POST,POST /jobs/,34590.81,ok,
2026-03-24T00:16:25.499992+05:30,POST,POST /jobs/,48760.8,ok,
2026-03-24T00:16:25.522496+05:30,GET,GET /jobs/{id}/,34887.71,error,500
2026-03-24T00:16:25.552018+05:30,GET,GET /jobs/stats/,1274.29,ok,
2026-03-24T00:16:25.562001+05:30,POST,POST /jobs/,44037.72,ok,
2026-03-24T00:16:25.629828+05:30,POST,POST /jobs/,33894.83,error,"500 - <!DOCTYPE html>
<html lang=""en"">
<head>
  <meta http-equiv=""content-type"" content=""text/html; charset=utf-8"">
  <meta na"
2026-03-24T00:16:25.637892+05:30,POST,POST /jobs/,35901.5,error,"500 - <!DOCTYPE html>
<html lang=""en"">
<head>
  <meta http-equiv=""content-type"" content=""text/html; charset=utf-8"">
  <meta na"
2026-03-24T00:16:25.932366+05:30,GET,GET /jobs/{id}/,34362.5,error,500
2026-03-24T00:16:25.946614+05:30,POST,POST /jobs/,52023.18,ok,
2026-03-24T00:16:25.954403+05:30,POST,POST /jobs/,54510.08,ok,
2026-03-24T00:16:25.978408+05:30,POST,POST /jobs/,54780.32,ok,
2026-03-24T00:16:26.054736+05:30,POST,POST /jobs/,31656.1,ok,
2026-03-24T00:16:26.078176+05:30,POST,POST /jobs/,36279.45,error,"500 - <!DOCTYPE html>
<html lang=""en"">
<head>
  <meta http-equiv=""content-type"" content=""text/html; charset=utf-8"">
  <meta na"
2026-03-24T00:16:26.108932+05:30,POST,POST /jobs/,36361.01,error,"500 - <!DOCTYPE html>
<html lang=""en"">
<head>
  <meta http-equiv=""content-type"" content=""text/html; charset=utf-8"">
  <meta na"
2026-03-24T00:16:26.937942+05:30,POST,POST /jobs/,47516.82,ok,
2026-03-24T00:16:28.163086+05:30,POST,POST /jobs/,48977.16,ok,
2026-03-24T00:16:28.251336+05:30,GET,GET /health/,38554.2,error,500
2026-03-24T00:16:28.522271+05:30,GET,GET /jobs/{id}/,22599.44,ok,
2026-03-24T00:16:28.620108+05:30,GET,GET /jobs/{id}/,40127.97,error,500
2026-03-24T00:16:29.445039+05:30,GET,GET /jobs/{id}/,37109.95,error,500
2026-03-24T00:16:29.634232+05:30,GET,GET /jobs/{id}/,23393.1,ok,
2026-03-24T00:16:29.901616+05:30,POST,POST /jobs/,34049.05,error,"500 - <!DOCTYPE html>
<html lang=""en"">
<head>
  <meta http-equiv=""content-type"" content=""text/html; charset=utf-8"">
  <meta na"
2026-03-24T00:16:29.911679+05:30,POST,POST /jobs/,66026.71,ok,
2026-03-24T00:16:29.941368+05:30,GET,GET /jobs/{id}/,40163.77,error,500
2026-03-24T00:16:29.962060+05:30,GET,GET /jobs/{id}/,40819.89,error,500
2026-03-24T00:16:30.051663+05:30,GET,GET /jobs/{id}/,23839.95,ok,
2026-03-24T00:16:30.061570+05:30,POST,POST /jobs/,47753.24,ok,
2026-03-24T00:16:30.252248+05:30,POST,POST /jobs/,39041.77,error,"500 - <!DOCTYPE html>
<html lang=""en"">
<head>
  <meta http-equiv=""content-type"" content=""text/html; charset=utf-8"">
  <meta na"
2026-03-24T00:16:30.362494+05:30,GET,GET /jobs/{id}/,40109.99,error,500
2026-03-24T00:16:30.459738+05:30,GET,GET /health/,40224.22,error,500
2026-03-24T00:16:30.604660+05:30,GET,GET /jobs/{id}/,24165.5,ok,
2026-03-24T00:16:30.699873+05:30,POST,POST /jobs/,39553.46,error,"500 - <!DOCTYPE html>
<html lang=""en"">
<head>
  <meta http-equiv=""content-type"" content=""text/html; charset=utf-8"">
  <meta na"
2026-03-24T00:16:30.882061+05:30,GET,GET /jobs/{id}/,41621.73,error,500
2026-03-24T00:16:31.246788+05:30,POST,POST /jobs/,36129.3,error,"500 - <!DOCTYPE html>
<html lang=""en"">
<head>
  <meta http-equiv=""content-type"" content=""text/html; charset=utf-8"">
  <meta na"
2026-03-24T00:16:31.390904+05:30,GET,GET /jobs/{id}/,24725.13,ok,
2026-03-24T00:16:31.407012+05:30,GET,GET /jobs/{id}/,36096.99,error,500
2026-03-24T00:16:31.438275+05:30,GET,GET /jobs/stats/,42417.58,error,500
2026-03-24T00:16:31.461173+05:30,POST,POST /jobs/,41305.37,error,"500 - <!DOCTYPE html>
<html lang=""en"">
<head>
  <meta http-equiv=""content-type"" content=""text/html; charset=utf-8"">
  <meta na"
2026-03-24T00:16:31.672084+05:30,GET,GET /health/,2413.07,error,503
2026-03-24T00:16:31.707095+05:30,GET,GET /health/,3302.52,error,503
2026-03-24T00:16:31.762434+05:30,POST,POST /jobs/,41796.04,error,"500 - <!DOCTYPE html>
<html lang=""en"">
<head>
  <meta http-equiv=""content-type"" content=""text/html; charset=utf-8"">
  <meta na"
2026-03-24T00:16:31.789949+05:30,GET,GET /jobs/{id}/,35590.09,error,500
2026-03-24T00:16:31.918573+05:30,GET,GET /health/,65273.67,error,500
2026-03-24T00:16:32.200164+05:30,POST,POST /jobs/,51077.06,error,"500 - <!DOCTYPE html>
<html lang=""en"">
<head>
  <meta http-equiv=""content-type"" content=""text/html; charset=utf-8"">
  <meta na"
2026-03-24T00:16:32.264713+05:30,GET,GET /health/,4762.29,error,503
2026-03-24T00:16:32.275779+05:30,GET,GET /jobs/stats/,67273.41,ok,
2026-03-24T00:16:32.411504+05:30,GET,GET /jobs/{id}/,33967.5,error,500
2026-03-24T00:16:32.658849+05:30,POST,POST /jobs/,65754.04,error,0 - 
2026-03-24T00:16:32.659499+05:30,POST,POST /jobs/,65760.75,error,0 - 
2026-03-24T00:16:32.660110+05:30,POST,POST /jobs/,65686.15,error,0 - 
2026-03-24T00:16:32.763427+05:30,GET,GET /health/,36119.92,error,500
2026-03-24T00:16:33.468483+05:30,GET,GET /jobs/{id}/,41526.25,error,500
2026-03-24T00:16:34.377974+05:30,GET,GET /jobs/{id}/,43058.39,error,500
2026-03-24T00:16:34.418633+05:30,POST,POST /jobs/,70540.07,error,"500 - <!DOCTYPE html>
<html lang=""en"">
<head>
  <meta http-equiv=""content-type"" content=""text/html; charset=utf-8"">
  <meta na"
2026-03-24T00:16:34.835517+05:30,GET,GET /health/,2961.86,error,503
2026-03-24T00:16:34.844235+05:30,GET,GET /jobs/{id}/,43172.34,error,500
2026-03-24T00:16:35.507083+05:30,GET,GET /jobs/stats/,37279.02,error,500
2026-03-24T00:16:37.172675+05:30,POST,POST /jobs/,47561.99,error,"500 - <!DOCTYPE html>
<html lang=""en"">
<head>
  <meta http-equiv=""content-type"" content=""text/html; charset=utf-8"">
  <meta na"
2026-03-24T00:16:37.215667+05:30,GET,GET /jobs/stats/,39714.67,error,500
2026-03-24T00:16:37.298477+05:30,GET,GET /jobs/{id}/,40944.09,error,500
2026-03-24T00:16:37.411003+05:30,GET,GET /health/,34348.61,error,500
2026-03-24T00:16:37.546853+05:30,POST,POST /jobs/,43559.68,error,"500 - <!DOCTYPE html>
<html lang=""en"">
<head>
  <meta http-equiv=""content-type"" content=""text/html; charset=utf-8"">
  <meta na"
2026-03-24T00:16:37.616232+05:30,GET,GET /jobs/stats/,39697.21,error,500
2026-03-24T00:16:37.706347+05:30,GET,GET /jobs/{id}/,41032.4,error,500
2026-03-24T00:16:37.941382+05:30,GET,GET /jobs/{id}/,41660.84,error,500
2026-03-24T00:16:38.076063+05:30,POST,POST /jobs/,41941.54,error,"500 - <!DOCTYPE html>
<html lang=""en"">
<head>
  <meta http-equiv=""content-type"" content=""text/html; charset=utf-8"">
  <meta na"
2026-03-24T00:16:38.120962+05:30,GET,GET /jobs/{id}/,46497.32,error,500
2026-03-24T00:16:38.125907+05:30,POST,POST /jobs/,51306.86,ok,
2026-03-24T00:16:38.312739+05:30,GET,GET /health/,42833.18,error,500
2026-03-24T00:16:38.517609+05:30,GET,GET /health/,43283.88,error,500
2026-03-24T00:16:38.584906+05:30,POST,POST /jobs/,41842.23,error,"500 - <!DOCTYPE html>
<html lang=""en"">
<head>
  <meta http-equiv=""content-type"" content=""text/html; charset=utf-8"">
  <meta na"
2026-03-24T00:16:38.791752+05:30,POST,POST /jobs/,29047.43,ok,
2026-03-24T00:16:38.853435+05:30,POST,POST /jobs/,37044.68,error,"500 - <!DOCTYPE html>
<html lang=""en"">
<head>
  <meta http-equiv=""content-type"" content=""text/html; charset=utf-8"">
  <meta na"
2026-03-24T00:16:39.053161+05:30,POST,POST /jobs/,28921.9,ok,
2026-03-24T00:16:39.167689+05:30,GET,GET /jobs/{id}/,58106.13,error,500
2026-03-24T00:16:39.168151+05:30,GET,GET /health/,71097.2,error,503
2026-03-24T00:16:39.342697+05:30,GET,GET /jobs/{id}/,43664.21,error,500
2026-03-24T00:16:39.439120+05:30,POST,POST /jobs/,75559.69,ok,
2026-03-24T00:16:39.518302+05:30,GET,GET /jobs/{id}/,36402.39,error,500
2026-03-24T00:16:39.781111+05:30,POST,POST /jobs/,40273.78,error,"500 - <!DOCTYPE html>
<html lang=""en"">
<head>
  <meta http-equiv=""content-type"" content=""text/html; charset=utf-8"">
  <meta na"
2026-03-24T00:16:39.820327+05:30,POST,POST /jobs/,67597.62,ok,
2026-03-24T00:16:40.074011+05:30,POST,POST /jobs/,75993.22,ok,
2026-03-24T00:16:40.584594+05:30,GET,GET /jobs/{id}/,37853.3,error,500
2026-03-24T00:16:40.965097+05:30,POST,POST /jobs/,76083.07,ok,
2026-03-24T00:16:41.196160+05:30,POST,POST /jobs/,34570.67,ok,
2026-03-24T00:16:41.256476+05:30,POST,POST /jobs/,44355.04,error,"500 - <!DOCTYPE html>
<html lang=""en"">
<head>
  <meta http-equiv=""content-type"" content=""text/html; charset=utf-8"">
  <meta na"
2026-03-24T00:16:41.472882+05:30,GET,GET /jobs/stats/,45452.92,error,500
2026-03-24T00:16:41.503820+05:30,POST,POST /jobs/,39882.02,error,"500 - <!DOCTYPE html>
<html lang=""en"">
<head>
  <meta http-equiv=""content-type"" content=""text/html; charset=utf-8"">
  <meta na"
2026-03-24T00:16:42.159872+05:30,GET,GET /jobs/{id}/,39671.52,error,500
2026-03-24T00:16:43.802372+05:30,GET,GET /jobs/{id}/,40627.06,error,500
2026-03-24T00:16:43.975084+05:30,POST,POST /jobs/,52740.14,error,"500 - <!DOCTYPE html>
<html lang=""en"">
<head>
  <meta http-equiv=""content-type"" content=""text/html; charset=utf-8"">
  <meta na"
2026-03-24T00:16:44.105587+05:30,GET,GET /health/,77215.5,ok,
2026-03-24T00:16:44.308197+05:30,POST,POST /jobs/,48435.21,error,"500 - <!DOCTYPE html>
<html lang=""en"">
<head>
  <meta http-equiv=""content-type"" content=""text/html; charset=utf-8"">
  <meta na"
2026-03-24T00:16:45.133956+05:30,GET,GET /jobs/{id}/,48922.89,error,500
2026-03-24T00:16:46.355029+05:30,GET,GET /health/,82479.17,error,500
2026-03-24T00:16:46.891537+05:30,GET,GET /jobs/{id}/,50826.41,error,500
2026-03-24T00:16:47.081189+05:30,GET,GET /health/,80174.62,error,503
2026-03-24T00:16:47.191224+05:30,GET,GET /jobs/{id}/,43841.62,error,500
2026-03-24T00:16:48.679842+05:30,GET,GET /jobs/{id}/,49672.41,error,500
2026-03-24T00:16:48.846231+05:30,GET,GET /jobs/stats/,83868.15,error,500
2026-03-24T00:16:48.986191+05:30,GET,GET /health/,8030.73,ok,
2026-03-24T00:16:49.058983+05:30,GET,GET /health/,8672.91,error,503
2026-03-24T00:16:49.132350+05:30,GET,GET /jobs/{id}/,42226.0,error,500
2026-03-24T00:16:49.394387+05:30,GET,GET /jobs/{id}/,42538.86,error,500
2026-03-24T00:16:49.409103+05:30,GET,GET /jobs/stats/,42449.99,error,500
2026-03-24T00:16:49.489201+05:30,POST,POST /jobs/,83511.89,ok,
2026-03-24T00:16:49.506890+05:30,GET,GET /health/,15135.72,error,503
2026-03-24T00:16:49.710526+05:30,POST,POST /jobs/,66447.2,error,"500 - <!DOCTYPE html>
<html lang=""en"">
<head>
  <meta http-equiv=""content-type"" content=""text/html; charset=utf-8"">
  <meta na"
2026-03-24T00:16:49.777724+05:30,GET,GET /jobs/stats/,41226.32,error,500
2026-03-24T00:16:49.780926+05:30,POST,POST /jobs/,41721.23,error,"500 - <!DOCTYPE html>
<html lang=""en"">
<head>
  <meta http-equiv=""content-type"" content=""text/html; charset=utf-8"">
  <meta na"
2026-03-24T00:16:49.869045+05:30,GET,GET /jobs/{id}/,41811.48,error,500
2026-03-24T00:16:50.211612+05:30,GET,GET /health/,39839.75,error,500
2026-03-24T00:16:50.475433+05:30,GET,GET /health/,8562.89,ok,
2026-03-24T00:16:50.543904+05:30,GET,GET /jobs/stats/,9180.25,ok,
2026-03-24T00:16:50.901341+05:30,POST,POST /jobs/,41461.07,ok,
2026-03-24T00:16:50.920213+05:30,GET,GET /jobs/stats/,42512.32,error,500
2026-03-24T00:16:50.923096+05:30,POST,POST /jobs/,86043.17,error,"500 - <!DOCTYPE html>
<html lang=""en"">
<head>
  <meta http-equiv=""content-type"" content=""text/html; charset=utf-8"">
  <meta na"
2026-03-24T00:16:51.128559+05:30,GET,GET /jobs/stats/,43446.52,error,500
2026-03-24T00:16:51.281769+05:30,POST,POST /jobs/,56570.66,error,"500 - <!DOCTYPE html>
<html lang=""en"">
<head>
  <meta http-equiv=""content-type"" content=""text/html; charset=utf-8"">
  <meta na"
2026-03-24T00:16:51.400061+05:30,POST,POST /jobs/,39620.85,ok,
2026-03-24T00:16:51.944379+05:30,GET,GET /jobs/{id}/,42681.96,error,500
2026-03-24T00:16:52.307407+05:30,POST,POST /jobs/,35782.75,ok,
2026-03-24T00:16:52.343322+05:30,GET,GET /health/,39029.4,error,500
2026-03-24T00:16:52.475272+05:30,GET,GET /health/,44427.32,error,500
2026-03-24T00:16:52.618885+05:30,POST,POST /jobs/,45698.37,error,"500 - <!DOCTYPE html>
<html lang=""en"">
<head>
  <meta http-equiv=""content-type"" content=""text/html; charset=utf-8"">
  <meta na"
2026-03-24T00:16:53.114131+05:30,POST,POST /jobs/,88236.86,error,"500 - <!DOCTYPE html>
<html lang=""en"">
<head>
  <meta http-equiv=""content-type"" content=""text/html; charset=utf-8"">
  <meta na"
2026-03-24T00:16:53.279183+05:30,POST,POST /jobs/,87483.99,error,"500 - <!DOCTYPE html>
<html lang=""en"">
<head>
  <meta http-equiv=""content-type"" content=""text/html; charset=utf-8"">
  <meta na"
2026-03-24T00:16:53.666761+05:30,GET,GET /jobs/stats/,88786.14,error,500
2026-03-24T00:16:53.722845+05:30,GET,GET /jobs/stats/,41742.27,error,500
2026-03-24T00:16:53.847880+05:30,GET,GET /jobs/stats/,46383.22,error,500
2026-03-24T00:16:53.867920+05:30,GET,GET /jobs/{id}/,44651.02,error,500
2026-03-24T00:16:53.910365+05:30,GET,GET /jobs/{id}/,47034.57,error,500
2026-03-24T00:16:54.225559+05:30,GET,GET /jobs/{id}/,30661.44,ok,
2026-03-24T00:16:54.462435+05:30,GET,GET /health/,46743.17,error,500
2026-03-24T00:16:54.591828+05:30,GET,GET /jobs/stats/,40801.66,error,500
2026-03-24T00:16:54.731589+05:30,POST,POST /jobs/,43087.41,error,"500 - <!DOCTYPE html>
<html lang=""en"">
<head>
  <meta http-equiv=""content-type"" content=""text/html; charset=utf-8"">
  <meta na"
2026-03-24T00:16:54.748398+05:30,GET,GET /health/,8735.84,ok,
2026-03-24T00:16:54.844035+05:30,POST,POST /jobs/,86285.41,error,"500 - <!DOCTYPE html>
<html lang=""en"">
<head>
  <meta http-equiv=""content-type"" content=""text/html; charset=utf-8"">
  <meta na"
2026-03-24T00:16:55.052417+05:30,GET,GET /health/,54182.23,error,500
2026-03-24T00:16:55.226735+05:30,GET,GET /health/,5276.85,ok,
2026-03-24T00:16:55.236349+05:30,GET,GET /jobs/{id}/,46406.71,error,500
2026-03-24T00:16:55.485798+05:30,GET,GET /health/,44197.3,error,500
2026-03-24T00:16:55.563129+05:30,GET,GET /jobs/{id}/,48517.96,error,500
2026-03-24T00:16:55.654940+05:30,POST,POST /jobs/,44765.57,error,"500 - <!DOCTYPE html>
<html lang=""en"">
<head>
  <meta http-equiv=""content-type"" content=""text/html; charset=utf-8"">
  <meta na"
2026-03-24T00:16:55.819086+05:30,GET,GET /jobs/{id}/,48722.0,error,500
2026-03-24T00:16:55.983899+05:30,POST,POST /jobs/,42929.76,error,"500 - <!DOCTYPE html>
<html lang=""en"">
<head>
  <meta http-equiv=""content-type"" content=""text/html; charset=utf-8"">
  <meta na"
2026-03-24T00:16:56.007260+05:30,GET,GET /jobs/{id}/,49442.03,error,500
2026-03-24T00:16:56.030760+05:30,POST,POST /jobs/,48341.17,error,"500 - <!DOCTYPE html>
<html lang=""en"">
<head>
  <meta http-equiv=""content-type"" content=""text/html; charset=utf-8"">
  <meta na"
2026-03-24T00:16:56.031610+05:30,POST,POST /jobs/,90078.13,error,"500 - <!DOCTYPE html>
<html lang=""en"">
<head>
  <meta http-equiv=""content-type"" content=""text/html; charset=utf-8"">
  <meta na"
2026-03-24T00:16:56.120360+05:30,GET,GET /jobs/stats/,46335.62,error,500
2026-03-24T00:16:56.285821+05:30,POST,POST /jobs/,31193.38,ok,
2026-03-24T00:16:56.324906+05:30,POST,POST /jobs/,45910.76,error,"500 - <!DOCTYPE html>
<html lang=""en"">
<head>
  <meta http-equiv=""content-type"" content=""text/html; charset=utf-8"">
  <meta na"
2026-03-24T00:16:56.562999+05:30,GET,GET /jobs/{id}/,29749.7,ok,
2026-03-24T00:16:56.773928+05:30,GET,GET /health/,8671.42,error,503
2026-03-24T00:16:56.887120+05:30,GET,GET /jobs/{id}/,30122.53,ok,
2026-03-24T00:16:56.894641+05:30,GET,GET /jobs/{id}/,31445.36,ok,
2026-03-24T00:16:57.170613+05:30,GET,GET /jobs/{id}/,38305.21,error,500
2026-03-24T00:16:57.176747+05:30,GET,GET /jobs/stats/,6447.39,ok,
2026-03-24T00:16:57.554676+05:30,POST,POST /jobs/,32279.51,ok,
2026-03-24T00:16:57.601144+05:30,GET,GET /jobs/stats/,41232.38,error,500
2026-03-24T00:16:57.662164+05:30,POST,POST /jobs/,59516.73,error,"500 - <!DOCTYPE html>
<html lang=""en"">
<head>
  <meta http-equiv=""content-type"" content=""text/html; charset=utf-8"">
  <meta na"
2026-03-24T00:16:57.801383+05:30,GET,GET /jobs/{id}/,30957.75,ok,
2026-03-24T00:16:57.911924+05:30,POST,POST /jobs/,31395.52,ok,
2026-03-24T00:16:57.937684+05:30,POST,POST /jobs/,30496.61,ok,
2026-03-24T00:16:57.938138+05:30,GET,GET /jobs/{id}/,29403.37,ok,
2026-03-24T00:16:58.201316+05:30,GET,GET /jobs/{id}/,28264.32,ok,
2026-03-24T00:16:59.610599+05:30,POST,POST /jobs/,45634.41,error,"500 - <!DOCTYPE html>
<html lang=""en"">
<head>
  <meta http-equiv=""content-type"" content=""text/html; charset=utf-8"">
  <meta na"
2026-03-24T00:16:59.680460+05:30,GET,GET /health/,6219.79,ok,
2026-03-24T00:16:59.795118+05:30,POST,POST /jobs/,62997.3,error,"500 - <!DOCTYPE html>
<html lang=""en"">
<head>
  <meta http-equiv=""content-type"" content=""text/html; charset=utf-8"">
  <meta na"
2026-03-24T00:16:59.981210+05:30,GET,GET /jobs/{id}/,52679.16,error,500
2026-03-24T00:17:00.123490+05:30,POST,POST /jobs/,44859.98,error,"500 - <!DOCTYPE html>
<html lang=""en"">
<head>
  <meta http-equiv=""content-type"" content=""text/html; charset=utf-8"">
  <meta na"
2026-03-24T00:17:00.350406+05:30,GET,GET /jobs/{id}/,44197.26,error,500
2026-03-24T00:17:00.356813+05:30,GET,GET /jobs/{id}/,51785.53,error,500
2026-03-24T00:17:01.853533+05:30,GET,GET /jobs/{id}/,47837.53,error,500
2026-03-24T00:17:01.997909+05:30,GET,GET /health/,6397.2,error,503
2026-03-24T00:17:02.046789+05:30,POST,POST /jobs/,29648.48,ok,
2026-03-24T00:17:02.091782+05:30,GET,GET /health/,7787.55,error,503
2026-03-24T00:17:02.120240+05:30,GET,GET /health/,97244.85,error,500
2026-03-24T00:17:02.137377+05:30,GET,GET /jobs/{id}/,46845.46,error,500
2026-03-24T00:17:02.224837+05:30,GET,GET /health/,46393.3,error,500
2026-03-24T00:17:02.361647+05:30,GET,GET /jobs/{id}/,47437.68,error,500
2026-03-24T00:17:03.435393+05:30,GET,GET /jobs/{id}/,42091.94,error,500
2026-03-24T00:17:03.660831+05:30,GET,GET /jobs/{id}/,47506.01,error,500
2026-03-24T00:17:03.663715+05:30,GET,GET /jobs/{id}/,45712.44,error,500
2026-03-24T00:17:03.795323+05:30,POST,POST /jobs/,37668.53,ok,
2026-03-24T00:17:03.856282+05:30,GET,GET /jobs/{id}/,48512.45,error,500
2026-03-24T00:17:03.981835+05:30,GET,GET /jobs/{id}/,52029.34,error,500
2026-03-24T00:17:04.204875+05:30,GET,GET /jobs/stats/,40352.91,error,500
2026-03-24T00:17:04.218435+05:30,POST,POST /jobs/,99230.32,ok,
2026-03-24T00:17:04.719931+05:30,GET,GET /jobs/{id}/,33074.4,ok,
2026-03-24T00:17:05.062350+05:30,GET,GET /jobs/{id}/,33184.4,ok,
2026-03-24T00:17:05.098317+05:30,GET,GET /health/,7939.59,ok,
2026-03-24T00:17:05.139442+05:30,GET,GET /health/,6852.84,ok,
2026-03-24T00:17:05.716369+05:30,GET,GET /health/,8416.73,error,503
2026-03-24T00:17:05.751220+05:30,GET,GET /health/,42736.44,error,500
2026-03-24T00:17:05.873186+05:30,GET,GET /jobs/{id}/,55272.04,error,500
2026-03-24T00:17:05.980002+05:30,POST,POST /jobs/,40901.67,error,"500 - <!DOCTYPE html>
<html lang=""en"">
<head>
  <meta http-equiv=""content-type"" content=""text/html; charset=utf-8"">
  <meta na"
2026-03-24T00:17:06.173225+05:30,GET,GET /jobs/{id}/,70642.76,error,500
2026-03-24T00:17:06.673340+05:30,GET,GET /jobs/{id}/,39698.11,error,500
2026-03-24T00:17:06.965248+05:30,GET,GET /jobs/{id}/,45366.33,error,500
2026-03-24T00:17:07.688344+05:30,GET,GET /jobs/stats/,48835.06,error,500
2026-03-24T00:17:07.972971+05:30,GET,GET /jobs/{id}/,48848.37,error,500
2026-03-24T00:17:08.128315+05:30,GET,GET /health/,9835.51,ok,
2026-03-24T00:17:08.156839+05:30,POST,POST /jobs/,44688.26,error,"500 - <!DOCTYPE html>
<html lang=""en"">
<head>
  <meta http-equiv=""content-type"" content=""text/html; charset=utf-8"">
  <meta na"
2026-03-24T00:17:08.237278+05:30,GET,GET /jobs/{id}/,44855.32,error,500
2026-03-24T00:17:08.307468+05:30,POST,POST /jobs/,40025.1,error,"500 - <!DOCTYPE html>
<html lang=""en"">
<head>
  <meta http-equiv=""content-type"" content=""text/html; charset=utf-8"">
  <meta na"
2026-03-24T00:17:08.852882+05:30,GET,GET /jobs/{id}/,46449.78,error,500
2026-03-24T00:17:09.110652+05:30,POST,POST /jobs/,46089.67,error,"500 - <!DOCTYPE html>
<html lang=""en"">
<head>
  <meta http-equiv=""content-type"" content=""text/html; charset=utf-8"">
  <meta na"
2026-03-24T00:17:10.119033+05:30,POST,POST /jobs/,48391.49,error,"500 - <!DOCTYPE html>
<html lang=""en"">
<head>
  <meta http-equiv=""content-type"" content=""text/html; charset=utf-8"">
  <meta na"
2026-03-24T00:17:10.235038+05:30,POST,POST /jobs/,105225.27,ok,
2026-03-24T00:17:10.351261+05:30,GET,GET /jobs/{id}/,30419.17,ok,
2026-03-24T00:17:10.670154+05:30,GET,GET /jobs/{id}/,44013.38,error,500
2026-03-24T00:17:10.785306+05:30,POST,POST /jobs/,49791.63,error,"500 - <!DOCTYPE html>
<html lang=""en"">
<head>
  <meta http-equiv=""content-type"" content=""text/html; charset=utf-8"">
  <meta na"
2026-03-24T00:17:11.099101+05:30,GET,GET /jobs/{id}/,43849.2,error,500
2026-03-24T00:17:11.437269+05:30,GET,GET /jobs/stats/,41829.37,error,500
2026-03-24T00:17:11.642557+05:30,GET,GET /jobs/{id}/,44638.33,error,500
2026-03-24T00:17:12.580972+05:30,POST,POST /jobs/,32240.89,ok,
2026-03-24T00:17:12.594499+05:30,POST,POST /jobs/,43717.15,error,"500 - <!DOCTYPE html>
<html lang=""en"">
<head>
  <meta http-equiv=""content-type"" content=""text/html; charset=utf-8"">
  <meta na"
2026-03-24T00:17:12.915084+05:30,GET,GET /health/,9109.2,ok,
2026-03-24T00:17:14.218531+05:30,GET,GET /jobs/{id}/,47128.49,error,500
2026-03-24T00:17:14.411514+05:30,GET,GET /health/,10456.68,error,503
2026-03-24T00:17:14.607436+05:30,GET,GET /jobs/{id}/,46829.91,error,500
2026-03-24T00:17:14.728694+05:30,GET,GET /jobs/{id}/,41706.28,error,500
2026-03-24T00:17:15.244742+05:30,POST,POST /jobs/,107191.13,ok,
2026-03-24T00:17:15.451762+05:30,POST,POST /jobs/,107132.22,error,"500 - <!DOCTYPE html>
<html lang=""en"">
<head>
  <meta http-equiv=""content-type"" content=""text/html; charset=utf-8"">
  <meta na"
2026-03-24T00:17:15.901315+05:30,GET,GET /jobs/{id}/,31762.08,ok,
2026-03-24T00:17:15.951010+05:30,GET,GET /health/,43948.68,error,500
2026-03-24T00:17:15.967069+05:30,GET,GET /jobs/{id}/,47463.21,error,500
2026-03-24T00:17:15.978181+05:30,GET,GET /jobs/{id}/,43114.47,error,500
2026-03-24T00:17:16.441585+05:30,POST,POST /jobs/,33068.52,ok,
