original_job_id,job_type,retry_count,failed_at
0a13fabe-1a12-4155-bea6-57a12dcb4cc3,data_process,3,2026-10-04 13:23:14.389306+00
184a4e40-0aca-4cf6-bf0f-e5a8b9d3f933,data_process,3,2026-10-04 13:24:00.279716+00
dddbe552-4881-4c79-ae39-78027ba4ab9b,data_process,3,2026-10-04 13:24:10.105305+00
e3497fba-4200-4a4e-8de4-3868c2f6b249,data_process,3,2026-10-04 13:54:08.548512+00
302b55b0-7ec1-419f-833c-46a6ee4331b4,data_process,3,2026-10-04 13:54:38.291515+00
cc08978c-d243-4e28-a2cb-5adeff982e95,data_process,3,2026-10-04 13:55:07.699731+00
4d2ff4a7-007c-4dd1-9a02-db7077838c66,data_process,3,2026-10-04 13:55:19.820147+00
42bcfe91-17ca-4d93-ae68-e19f9d7ef4bf,data_process,3,2026-10-04 13:55:24.651675+00
b533edd1-7119-4843-a020-191beaeda010,data_process,3,2026-10-04 14:22:33.064475+00
f12548d2-4576-487d-8c98-06e33cc134db,data_process,3,2026-10-04 14:23:09.801818+00
bd9ed4e5-08d7-4f1a-b4ac-fdea9754d1ff,data_process,3,2026-10-04 15:15:34.107276+00
c37f912c-080d-4816-9340-ec571e75d188,data_process,3,2026-10-04 15:15:49.164518+00
0226b507-fbaf-40b3-b449-e6e42df80710,data_process,3,2026-10-04 15:16:26.889008+00
65953271-34f7-47e5-9d13-bafe7cb22b05,data_process,3,2026-10-04 15:31:18.463777+00
1a96b40a-473f-4c77-9d9e-b2d8dd0cb464,data_process,3,2026-10-04 15:32:30.975952+00
f1de10e1-70bc-47e9-ac32-fa71005b4b5a,data_process,3,2026-10-04 17:06:52.870871+00
60e20a7e-e8a0-47e2-8b5a-9c15c0fe44ad,data_process,3,2026-10-04 17:07:40.200583+00
3a7d7a89-1ca2-4f5e-b23e-908e67fe9307,data_process,3,2026-10-04 17:07:43.935584+00
bd8b0bd0-3930-46a0-a5b6-a36a13121475,data_process,3,2026-10-04 17:08:04.263585+00
