2026-10-04T18:38:52+05:30,ip-192-168-33-205.eu-north-1.compute.internal,22m,1%,498Mi,15%
2026-10-04T18:38:52+05:30,ip-192-168-86-95.eu-north-1.compute.internal,50m,2%,696Mi,21%
2026-10-04T18:38:52+05:30,ip-192-168-9-242.eu-north-1.compute.internal,69m,3%,576Mi,17%
2026-10-04T18:39:16+05:30,ip-192-168-33-205.eu-north-1.compute.internal,206m,10%,597Mi,18%
2026-10-04T18:39:16+05:30,ip-192-168-86-95.eu-north-1.compute.internal,122m,6%,706Mi,21%
2026-10-04T18:39:16+05:30,ip-192-168-9-242.eu-north-1.compute.internal,226m,11%,580Mi,17%
2026-10-04T18:39:34+05:30,ip-192-168-33-205.eu-north-1.compute.internal,140m,7%,604Mi,18%
2026-10-04T18:39:34+05:30,ip-192-168-86-95.eu-north-1.compute.internal,412m,21%,706Mi,21%
2026-10-04T18:39:34+05:30,ip-192-168-9-242.eu-north-1.compute.internal,335m,17%,587Mi,17%
2026-10-04T18:39:54+05:30,ip-192-168-33-205.eu-north-1.compute.internal,133m,6%,605Mi,18%
2026-10-04T18:39:54+05:30,ip-192-168-86-95.eu-north-1.compute.internal,425m,22%,704Mi,21%
2026-10-04T18:39:54+05:30,ip-192-168-9-242.eu-north-1.compute.internal,358m,18%,586Mi,17%
2026-10-04T18:40:15+05:30,ip-192-168-33-205.eu-north-1.compute.internal,159m,8%,607Mi,18%
2026-10-04T18:40:15+05:30,ip-192-168-86-95.eu-north-1.compute.internal,478m,24%,705Mi,21%
2026-10-04T18:40:15+05:30,ip-192-168-9-242.eu-north-1.compute.internal,372m,19%,586Mi,17%
2026-10-04T18:40:34+05:30,ip-192-168-33-205.eu-north-1.compute.internal,151m,7%,606Mi,18%
2026-10-04T18:40:34+05:30,ip-192-168-86-95.eu-north-1.compute.internal,446m,23%,706Mi,21%
2026-10-04T18:40:34+05:30,ip-192-168-9-242.eu-north-1.compute.internal,329m,17%,594Mi,18%
2026-10-04T18:40:52+05:30,ip-192-168-33-205.eu-north-1.compute.internal,149m,7%,605Mi,18%
2026-10-04T18:40:52+05:30,ip-192-168-86-95.eu-north-1.compute.internal,454m,23%,705Mi,21%
2026-10-04T18:40:52+05:30,ip-192-168-9-242.eu-north-1.compute.internal,349m,18%,588Mi,17%
