2026-10-04T18:38:52+05:30,monitor,0m,2Mi
2026-10-04T18:38:52+05:30,postgres-cf9fdbc59-tfwlk,10m,36Mi
2026-10-04T18:38:52+05:30,redis-74f4fb978c-2sb5t,5m,3Mi
2026-10-04T18:38:52+05:30,web-748fdd5fb9-46kpp,17m,86Mi
2026-10-04T18:38:52+05:30,worker-b4bf677dd-5hzfd,2m,171Mi
2026-10-04T18:39:16+05:30,locust-users100-zlk42,128m,38Mi
2026-10-04T18:39:16+05:30,monitor,151m,50Mi
2026-10-04T18:39:16+05:30,postgres-cf9fdbc59-tfwlk,100m,48Mi
2026-10-04T18:39:16+05:30,redis-74f4fb978c-2sb5t,5m,3Mi
2026-10-04T18:39:16+05:30,web-748fdd5fb9-46kpp,214m,102Mi
2026-10-04T18:39:16+05:30,worker-b4bf677dd-5hzfd,9m,171Mi
2026-10-04T18:39:34+05:30,locust-users100-zlk42,80m,38Mi
2026-10-04T18:39:34+05:30,monitor,2m,50Mi
2026-10-04T18:39:34+05:30,postgres-cf9fdbc59-tfwlk,348m,45Mi
2026-10-04T18:39:34+05:30,redis-74f4fb978c-2sb5t,9m,4Mi
2026-10-04T18:39:34+05:30,web-748fdd5fb9-46kpp,286m,104Mi
2026-10-04T18:39:34+05:30,worker-b4bf677dd-5hzfd,35m,172Mi
2026-10-04T18:39:54+05:30,locust-users100-zlk42,84m,39Mi
2026-10-04T18:39:54+05:30,monitor,2m,50Mi
2026-10-04T18:39:54+05:30,postgres-cf9fdbc59-tfwlk,364m,49Mi
2026-10-04T18:39:54+05:30,redis-74f4fb978c-2sb5t,8m,4Mi
2026-10-04T18:39:54+05:30,web-748fdd5fb9-46kpp,285m,106Mi
2026-10-04T18:39:54+05:30,worker-b4bf677dd-5hzfd,33m,172Mi
2026-10-04T18:40:15+05:30,locust-users100-zlk42,89m,38Mi
2026-10-04T18:40:15+05:30,monitor,2m,50Mi
2026-10-04T18:40:15+05:30,postgres-cf9fdbc59-tfwlk,379m,46Mi
2026-10-04T18:40:15+05:30,redis-74f4fb978c-2sb5t,8m,5Mi
2026-10-04T18:40:15+05:30,web-748fdd5fb9-46kpp,286m,107Mi
2026-10-04T18:40:15+05:30,worker-b4bf677dd-5hzfd,33m,172Mi
2026-10-04T18:40:34+05:30,locust-users100-zlk42,85m,39Mi
2026-10-04T18:40:34+05:30,monitor,2m,50Mi
2026-10-04T18:40:34+05:30,postgres-cf9fdbc59-tfwlk,367m,46Mi
2026-10-04T18:40:34+05:30,redis-74f4fb978c-2sb5t,8m,5Mi
2026-10-04T18:40:34+05:30,web-748fdd5fb9-46kpp,281m,107Mi
2026-10-04T18:40:34+05:30,worker-b4bf677dd-5hzfd,30m,172Mi
2026-10-04T18:40:52+05:30,locust-users100-zlk42,83m,39Mi
2026-10-04T18:40:52+05:30,monitor,2m,50Mi
2026-10-04T18:40:52+05:30,postgres-cf9fdbc59-tfwlk,381m,47Mi
2026-10-04T18:40:52+05:30,redis-74f4fb978c-2sb5t,8m,5Mi
2026-10-04T18:40:52+05:30,web-748fdd5fb9-46kpp,286m,108Mi
2026-10-04T18:40:52+05:30,worker-b4bf677dd-5hzfd,36m,172Mi
