2026-10-04T22:32:56+05:30,ip-192-168-33-205.eu-north-1.compute.internal,41m,2%,1053Mi,31%
2026-10-04T22:32:56+05:30,ip-192-168-86-95.eu-north-1.compute.internal,63m,3%,1092Mi,33%
2026-10-04T22:32:56+05:30,ip-192-168-9-242.eu-north-1.compute.internal,61m,3%,985Mi,29%
2026-10-04T22:33:20+05:30,ip-192-168-33-205.eu-north-1.compute.internal,147m,7%,1101Mi,33%
2026-10-04T22:33:20+05:30,ip-192-168-86-95.eu-north-1.compute.internal,92m,4%,1101Mi,33%
2026-10-04T22:33:20+05:30,ip-192-168-9-242.eu-north-1.compute.internal,220m,11%,1032Mi,31%
2026-10-04T22:33:38+05:30,ip-192-168-33-205.eu-north-1.compute.internal,153m,7%,1103Mi,33%
2026-10-04T22:33:38+05:30,ip-192-168-86-95.eu-north-1.compute.internal,586m,30%,1135Mi,34%
2026-10-04T22:33:38+05:30,ip-192-168-9-242.eu-north-1.compute.internal,534m,27%,1036Mi,31%
2026-10-04T22:33:57+05:30,ip-192-168-33-205.eu-north-1.compute.internal,144m,7%,1107Mi,33%
2026-10-04T22:33:57+05:30,ip-192-168-86-95.eu-north-1.compute.internal,648m,33%,1125Mi,34%
2026-10-04T22:33:57+05:30,ip-192-168-9-242.eu-north-1.compute.internal,505m,26%,1034Mi,31%
2026-10-04T22:34:19+05:30,ip-192-168-33-205.eu-north-1.compute.internal,142m,7%,1107Mi,33%
2026-10-04T22:34:19+05:30,ip-192-168-86-95.eu-north-1.compute.internal,718m,37%,1147Mi,34%
2026-10-04T22:34:19+05:30,ip-192-168-9-242.eu-north-1.compute.internal,471m,24%,1034Mi,31%
2026-10-04T22:34:40+05:30,ip-192-168-33-205.eu-north-1.compute.internal,161m,8%,1107Mi,33%
2026-10-04T22:34:40+05:30,ip-192-168-86-95.eu-north-1.compute.internal,784m,40%,1137Mi,34%
2026-10-04T22:34:40+05:30,ip-192-168-9-242.eu-north-1.compute.internal,491m,25%,1036Mi,31%
2026-10-04T22:34:58+05:30,ip-192-168-33-205.eu-north-1.compute.internal,147m,7%,1108Mi,33%
2026-10-04T22:34:58+05:30,ip-192-168-86-95.eu-north-1.compute.internal,686m,35%,1137Mi,34%
2026-10-04T22:34:58+05:30,ip-192-168-9-242.eu-north-1.compute.internal,480m,24%,1035Mi,31%
2026-10-04T22:35:17+05:30,ip-192-168-33-205.eu-north-1.compute.internal,131m,6%,1108Mi,33%
2026-10-04T22:35:17+05:30,ip-192-168-86-95.eu-north-1.compute.internal,556m,28%,1104Mi,33%
2026-10-04T22:35:17+05:30,ip-192-168-9-242.eu-north-1.compute.internal,419m,21%,993Mi,30%
2026-10-04T22:35:35+05:30,ip-192-168-33-205.eu-north-1.compute.internal,47m,2%,1108Mi,33%
2026-10-04T22:35:35+05:30,ip-192-168-86-95.eu-north-1.compute.internal,94m,4%,1103Mi,33%
2026-10-04T22:35:35+05:30,ip-192-168-9-242.eu-north-1.compute.internal,72m,3%,993Mi,30%
2026-10-04T22:35:53+05:30,ip-192-168-33-205.eu-north-1.compute.internal,46m,2%,1108Mi,33%
2026-10-04T22:35:53+05:30,ip-192-168-86-95.eu-north-1.compute.internal,67m,3%,1104Mi,33%
2026-10-04T22:35:53+05:30,ip-192-168-9-242.eu-north-1.compute.internal,79m,4%,993Mi,30%
2026-10-04T22:36:11+05:30,ip-192-168-33-205.eu-north-1.compute.internal,43m,2%,1108Mi,33%
2026-10-04T22:36:11+05:30,ip-192-168-86-95.eu-north-1.compute.internal,86m,4%,1099Mi,33%
2026-10-04T22:36:11+05:30,ip-192-168-9-242.eu-north-1.compute.internal,71m,3%,994Mi,30%
2026-10-04T22:36:29+05:30,ip-192-168-33-205.eu-north-1.compute.internal,39m,2%,1109Mi,33%
2026-10-04T22:36:29+05:30,ip-192-168-86-95.eu-north-1.compute.internal,63m,3%,1099Mi,33%
2026-10-04T22:36:29+05:30,ip-192-168-9-242.eu-north-1.compute.internal,58m,3%,994Mi,30%
2026-10-04T22:36:47+05:30,ip-192-168-33-205.eu-north-1.compute.internal,45m,2%,1107Mi,33%
2026-10-04T22:36:47+05:30,ip-192-168-86-95.eu-north-1.compute.internal,73m,3%,1099Mi,33%
2026-10-04T22:36:47+05:30,ip-192-168-9-242.eu-north-1.compute.internal,71m,3%,993Mi,30%
2026-10-04T22:37:06+05:30,ip-192-168-33-205.eu-north-1.compute.internal,45m,2%,1107Mi,33%
2026-10-04T22:37:06+05:30,ip-192-168-86-95.eu-north-1.compute.internal,61m,3%,1099Mi,33%
2026-10-04T22:37:06+05:30,ip-192-168-9-242.eu-north-1.compute.internal,68m,3%,994Mi,30%
2026-10-04T22:37:25+05:30,ip-192-168-33-205.eu-north-1.compute.internal,37m,1%,1105Mi,33%
2026-10-04T22:37:25+05:30,ip-192-168-86-95.eu-north-1.compute.internal,58m,3%,1100Mi,33%
2026-10-04T22:37:25+05:30,ip-192-168-9-242.eu-north-1.compute.internal,69m,3%,994Mi,30%
2026-10-04T22:37:43+05:30,ip-192-168-33-205.eu-north-1.compute.internal,47m,2%,1100Mi,33%
2026-10-04T22:37:43+05:30,ip-192-168-86-95.eu-north-1.compute.internal,57m,2%,1101Mi,33%
2026-10-04T22:37:43+05:30,ip-192-168-9-242.eu-north-1.compute.internal,72m,3%,995Mi,30%
2026-10-04T22:38:01+05:30,ip-192-168-33-205.eu-north-1.compute.internal,36m,1%,1101Mi,33%
2026-10-04T22:38:01+05:30,ip-192-168-86-95.eu-north-1.compute.internal,66m,3%,1101Mi,33%
2026-10-04T22:38:01+05:30,ip-192-168-9-242.eu-north-1.compute.internal,67m,3%,994Mi,30%
2026-10-04T22:38:20+05:30,ip-192-168-33-205.eu-north-1.compute.internal,41m,2%,1102Mi,33%
2026-10-04T22:38:20+05:30,ip-192-168-86-95.eu-north-1.compute.internal,62m,3%,1101Mi,33%
2026-10-04T22:38:20+05:30,ip-192-168-9-242.eu-north-1.compute.internal,64m,3%,994Mi,30%
2026-10-04T22:38:38+05:30,ip-192-168-33-205.eu-north-1.compute.internal,52m,2%,1101Mi,33%
2026-10-04T22:38:38+05:30,ip-192-168-86-95.eu-north-1.compute.internal,63m,3%,1099Mi,33%
2026-10-04T22:38:38+05:30,ip-192-168-9-242.eu-north-1.compute.internal,61m,3%,995Mi,30%
2026-10-04T22:49:17+05:30,ip-192-168-33-205.eu-north-1.compute.internal,35m,1%,1101Mi,33%
2026-10-04T22:49:17+05:30,ip-192-168-86-95.eu-north-1.compute.internal,70m,3%,1098Mi,33%
2026-10-04T22:49:17+05:30,ip-192-168-9-242.eu-north-1.compute.internal,69m,3%,994Mi,30%
2026-10-04T22:49:35+05:30,ip-192-168-33-205.eu-north-1.compute.internal,44m,2%,1101Mi,33%
2026-10-04T22:49:35+05:30,ip-192-168-86-95.eu-north-1.compute.internal,60m,3%,1099Mi,33%
2026-10-04T22:49:35+05:30,ip-192-168-9-242.eu-north-1.compute.internal,75m,3%,995Mi,30%
2026-10-04T22:49:53+05:30,ip-192-168-33-205.eu-north-1.compute.internal,46m,2%,1099Mi,33%
2026-10-04T22:49:53+05:30,ip-192-168-86-95.eu-north-1.compute.internal,71m,3%,1096Mi,33%
2026-10-04T22:49:53+05:30,ip-192-168-9-242.eu-north-1.compute.internal,65m,3%,994Mi,30%
2026-10-04T22:50:11+05:30,ip-192-168-33-205.eu-north-1.compute.internal,52m,2%,1098Mi,33%
2026-10-04T22:50:11+05:30,ip-192-168-86-95.eu-north-1.compute.internal,67m,3%,1097Mi,33%
2026-10-04T22:50:11+05:30,ip-192-168-9-242.eu-north-1.compute.internal,73m,3%,995Mi,30%
2026-10-04T22:50:30+05:30,ip-192-168-33-205.eu-north-1.compute.internal,39m,2%,1101Mi,33%
2026-10-04T22:50:30+05:30,ip-192-168-86-95.eu-north-1.compute.internal,60m,3%,1103Mi,33%
2026-10-04T22:50:30+05:30,ip-192-168-9-242.eu-north-1.compute.internal,74m,3%,994Mi,30%
2026-10-04T22:50:48+05:30,ip-192-168-33-205.eu-north-1.compute.internal,42m,2%,1101Mi,33%
2026-10-04T22:50:48+05:30,ip-192-168-86-95.eu-north-1.compute.internal,84m,4%,1096Mi,33%
2026-10-04T22:50:48+05:30,ip-192-168-9-242.eu-north-1.compute.internal,70m,3%,994Mi,30%
2026-10-04T22:51:07+05:30,ip-192-168-33-205.eu-north-1.compute.internal,40m,2%,1101Mi,33%
2026-10-04T22:51:07+05:30,ip-192-168-86-95.eu-north-1.compute.internal,58m,3%,1099Mi,33%
2026-10-04T22:51:07+05:30,ip-192-168-9-242.eu-north-1.compute.internal,60m,3%,995Mi,30%
2026-10-04T22:51:26+05:30,ip-192-168-33-205.eu-north-1.compute.internal,40m,2%,1101Mi,33%
2026-10-04T22:51:26+05:30,ip-192-168-86-95.eu-north-1.compute.internal,51m,2%,1098Mi,33%
2026-10-04T22:51:26+05:30,ip-192-168-9-242.eu-north-1.compute.internal,69m,3%,994Mi,30%
2026-10-04T22:51:44+05:30,ip-192-168-33-205.eu-north-1.compute.internal,46m,2%,1102Mi,33%
2026-10-04T22:51:44+05:30,ip-192-168-86-95.eu-north-1.compute.internal,58m,3%,1099Mi,33%
2026-10-04T22:51:44+05:30,ip-192-168-9-242.eu-north-1.compute.internal,73m,3%,994Mi,30%
2026-10-04T22:52:02+05:30,ip-192-168-33-205.eu-north-1.compute.internal,44m,2%,1102Mi,33%
2026-10-04T22:52:02+05:30,ip-192-168-86-95.eu-north-1.compute.internal,71m,3%,1101Mi,33%
2026-10-04T22:52:02+05:30,ip-192-168-9-242.eu-north-1.compute.internal,78m,4%,996Mi,30%
2026-10-04T22:52:21+05:30,ip-192-168-33-205.eu-north-1.compute.internal,46m,2%,1103Mi,33%
2026-10-04T22:52:21+05:30,ip-192-168-86-95.eu-north-1.compute.internal,61m,3%,1100Mi,33%
2026-10-04T22:52:21+05:30,ip-192-168-9-242.eu-north-1.compute.internal,73m,3%,998Mi,30%
2026-10-04T22:52:39+05:30,ip-192-168-33-205.eu-north-1.compute.internal,45m,2%,1103Mi,33%
2026-10-04T22:52:39+05:30,ip-192-168-86-95.eu-north-1.compute.internal,63m,3%,1100Mi,33%
2026-10-04T22:52:39+05:30,ip-192-168-9-242.eu-north-1.compute.internal,73m,3%,1002Mi,30%
2026-10-04T22:52:57+05:30,ip-192-168-33-205.eu-north-1.compute.internal,35m,1%,1101Mi,33%
2026-10-04T22:52:57+05:30,ip-192-168-86-95.eu-north-1.compute.internal,57m,2%,1100Mi,33%
2026-10-04T22:52:57+05:30,ip-192-168-9-242.eu-north-1.compute.internal,66m,3%,995Mi,30%
