2026-10-04T22:32:56+05:30,monitor,0m,2Mi
2026-10-04T22:32:56+05:30,postgres-cf9fdbc59-tfwlk,12m,48Mi
2026-10-04T22:32:56+05:30,redis-74f4fb978c-2sb5t,6m,4Mi
2026-10-04T22:32:56+05:30,web-748fdd5fb9-46kpp,17m,103Mi
2026-10-04T22:32:56+05:30,worker-b4bf677dd-8qs6w,4m,172Mi
2026-10-04T22:32:56+05:30,worker-b4bf677dd-8wtzn,4m,172Mi
2026-10-04T22:32:56+05:30,worker-b4bf677dd-gm4vt,4m,172Mi
2026-10-04T22:32:56+05:30,worker-b4bf677dd-gvmz7,4m,172Mi
2026-10-04T22:32:56+05:30,worker-b4bf677dd-nbtzr,4m,170Mi
2026-10-04T22:32:56+05:30,worker-b4bf677dd-p2s6t,4m,173Mi
2026-10-04T22:32:56+05:30,worker-b4bf677dd-rlcwq,4m,172Mi
2026-10-04T22:32:56+05:30,worker-b4bf677dd-w79tq,4m,170Mi
2026-10-04T22:33:20+05:30,locust-kill-worker3-jttzc,150m,38Mi
2026-10-04T22:33:20+05:30,monitor,89m,50Mi
2026-10-04T22:33:20+05:30,postgres-cf9fdbc59-tfwlk,11m,50Mi
2026-10-04T22:33:20+05:30,redis-74f4fb978c-2sb5t,7m,5Mi
2026-10-04T22:33:20+05:30,web-748fdd5fb9-46kpp,18m,103Mi
2026-10-04T22:33:20+05:30,worker-b4bf677dd-8qs6w,7m,172Mi
2026-10-04T22:33:20+05:30,worker-b4bf677dd-8wtzn,10m,172Mi
2026-10-04T22:33:20+05:30,worker-b4bf677dd-gm4vt,4m,172Mi
2026-10-04T22:33:20+05:30,worker-b4bf677dd-gvmz7,4m,172Mi
2026-10-04T22:33:20+05:30,worker-b4bf677dd-nbtzr,5m,170Mi
2026-10-04T22:33:20+05:30,worker-b4bf677dd-p2s6t,4m,173Mi
2026-10-04T22:33:20+05:30,worker-b4bf677dd-rlcwq,12m,172Mi
2026-10-04T22:33:20+05:30,worker-b4bf677dd-w79tq,13m,172Mi
2026-10-04T22:33:38+05:30,locust-kill-worker3-jttzc,133m,38Mi
2026-10-04T22:33:38+05:30,monitor,2m,50Mi
2026-10-04T22:33:38+05:30,postgres-cf9fdbc59-tfwlk,346m,92Mi
2026-10-04T22:33:38+05:30,redis-74f4fb978c-2sb5t,13m,5Mi
2026-10-04T22:33:38+05:30,web-748fdd5fb9-46kpp,276m,112Mi
2026-10-04T22:33:38+05:30,worker-b4bf677dd-8qs6w,33m,172Mi
2026-10-04T22:33:38+05:30,worker-b4bf677dd-8wtzn,29m,172Mi
2026-10-04T22:33:38+05:30,worker-b4bf677dd-gm4vt,22m,172Mi
2026-10-04T22:33:38+05:30,worker-b4bf677dd-gvmz7,20m,172Mi
2026-10-04T22:33:38+05:30,worker-b4bf677dd-nbtzr,24m,170Mi
2026-10-04T22:33:38+05:30,worker-b4bf677dd-p2s6t,20m,173Mi
2026-10-04T22:33:38+05:30,worker-b4bf677dd-rlcwq,12m,172Mi
2026-10-04T22:33:38+05:30,worker-b4bf677dd-w79tq,13m,172Mi
2026-10-04T22:33:57+05:30,locust-kill-worker3-jttzc,85m,38Mi
2026-10-04T22:33:57+05:30,monitor,2m,50Mi
2026-10-04T22:33:57+05:30,postgres-cf9fdbc59-tfwlk,527m,103Mi
2026-10-04T22:33:57+05:30,redis-74f4fb978c-2sb5t,14m,5Mi
2026-10-04T22:33:57+05:30,web-748fdd5fb9-46kpp,273m,113Mi
2026-10-04T22:33:57+05:30,worker-b4bf677dd-8qs6w,28m,172Mi
2026-10-04T22:33:57+05:30,worker-b4bf677dd-8wtzn,28m,172Mi
2026-10-04T22:33:57+05:30,worker-b4bf677dd-gm4vt,26m,172Mi
2026-10-04T22:33:57+05:30,worker-b4bf677dd-gvmz7,27m,172Mi
2026-10-04T22:33:57+05:30,worker-b4bf677dd-nbtzr,27m,170Mi
2026-10-04T22:33:57+05:30,worker-b4bf677dd-p2s6t,26m,173Mi
2026-10-04T22:33:57+05:30,worker-b4bf677dd-rlcwq,29m,172Mi
2026-10-04T22:33:57+05:30,worker-b4bf677dd-w79tq,29m,172Mi
2026-10-04T22:34:19+05:30,locust-kill-worker3-jttzc,82m,38Mi
2026-10-04T22:34:19+05:30,monitor,2m,50Mi
2026-10-04T22:34:19+05:30,postgres-cf9fdbc59-tfwlk,500m,101Mi
2026-10-04T22:34:19+05:30,redis-74f4fb978c-2sb5t,12m,5Mi
2026-10-04T22:34:19+05:30,web-748fdd5fb9-46kpp,283m,113Mi
2026-10-04T22:34:19+05:30,worker-b4bf677dd-8wtzn,29m,172Mi
2026-10-04T22:34:19+05:30,worker-b4bf677dd-gm4vt,26m,172Mi
2026-10-04T22:34:19+05:30,worker-b4bf677dd-gvmz7,26m,172Mi
2026-10-04T22:34:19+05:30,worker-b4bf677dd-nbtzr,27m,170Mi
2026-10-04T22:34:19+05:30,worker-b4bf677dd-p2s6t,26m,173Mi
2026-10-04T22:34:19+05:30,worker-b4bf677dd-rlcwq,31m,172Mi
2026-10-04T22:34:19+05:30,worker-b4bf677dd-w79tq,30m,172Mi
2026-10-04T22:34:40+05:30,locust-kill-worker3-jttzc,89m,38Mi
2026-10-04T22:34:40+05:30,monitor,2m,50Mi
2026-10-04T22:34:40+05:30,postgres-cf9fdbc59-tfwlk,500m,101Mi
2026-10-04T22:34:40+05:30,redis-74f4fb978c-2sb5t,14m,5Mi
2026-10-04T22:34:40+05:30,web-748fdd5fb9-46kpp,269m,113Mi
2026-10-04T22:34:40+05:30,worker-b4bf677dd-8wtzn,29m,172Mi
2026-10-04T22:34:40+05:30,worker-b4bf677dd-gm4vt,30m,172Mi
2026-10-04T22:34:40+05:30,worker-b4bf677dd-gvmz7,31m,172Mi
2026-10-04T22:34:40+05:30,worker-b4bf677dd-nbtzr,30m,170Mi
2026-10-04T22:34:40+05:30,worker-b4bf677dd-p2s6t,30m,173Mi
2026-10-04T22:34:40+05:30,worker-b4bf677dd-pkhg5,30m,167Mi
2026-10-04T22:34:40+05:30,worker-b4bf677dd-rlcwq,28m,172Mi
2026-10-04T22:34:40+05:30,worker-b4bf677dd-w79tq,32m,172Mi
2026-10-04T22:34:58+05:30,locust-kill-worker3-jttzc,89m,39Mi
2026-10-04T22:34:58+05:30,monitor,2m,50Mi
2026-10-04T22:34:58+05:30,postgres-cf9fdbc59-tfwlk,517m,104Mi
2026-10-04T22:34:58+05:30,redis-74f4fb978c-2sb5t,14m,5Mi
2026-10-04T22:34:58+05:30,web-748fdd5fb9-46kpp,290m,113Mi
2026-10-04T22:34:58+05:30,worker-b4bf677dd-8wtzn,32m,172Mi
2026-10-04T22:34:58+05:30,worker-b4bf677dd-gm4vt,27m,172Mi
2026-10-04T22:34:58+05:30,worker-b4bf677dd-gvmz7,28m,172Mi
2026-10-04T22:34:58+05:30,worker-b4bf677dd-nbtzr,29m,170Mi
2026-10-04T22:34:58+05:30,worker-b4bf677dd-p2s6t,32m,173Mi
2026-10-04T22:34:58+05:30,worker-b4bf677dd-pkhg5,31m,167Mi
2026-10-04T22:34:58+05:30,worker-b4bf677dd-rlcwq,29m,172Mi
2026-10-04T22:34:58+05:30,worker-b4bf677dd-w79tq,31m,172Mi
2026-10-04T22:35:17+05:30,locust-kill-worker3-jttzc,67m,1Mi
2026-10-04T22:35:17+05:30,monitor,2m,50Mi
2026-10-04T22:35:17+05:30,postgres-cf9fdbc59-tfwlk,541m,104Mi
2026-10-04T22:35:17+05:30,redis-74f4fb978c-2sb5t,12m,5Mi
2026-10-04T22:35:17+05:30,web-748fdd5fb9-46kpp,301m,113Mi
2026-10-04T22:35:17+05:30,worker-b4bf677dd-8wtzn,32m,172Mi
2026-10-04T22:35:17+05:30,worker-b4bf677dd-gm4vt,30m,172Mi
2026-10-04T22:35:17+05:30,worker-b4bf677dd-gvmz7,30m,172Mi
2026-10-04T22:35:17+05:30,worker-b4bf677dd-nbtzr,23m,170Mi
2026-10-04T22:35:17+05:30,worker-b4bf677dd-p2s6t,36m,173Mi
2026-10-04T22:35:17+05:30,worker-b4bf677dd-pkhg5,24m,172Mi
2026-10-04T22:35:17+05:30,worker-b4bf677dd-rlcwq,32m,172Mi
2026-10-04T22:35:17+05:30,worker-b4bf677dd-w79tq,23m,172Mi
2026-10-04T22:35:35+05:30,locust-kill-worker3-jttzc,0m,1Mi
2026-10-04T22:35:35+05:30,monitor,2m,50Mi
2026-10-04T22:35:35+05:30,postgres-cf9fdbc59-tfwlk,118m,59Mi
2026-10-04T22:35:35+05:30,redis-74f4fb978c-2sb5t,7m,5Mi
2026-10-04T22:35:35+05:30,web-748fdd5fb9-46kpp,32m,104Mi
2026-10-04T22:35:35+05:30,worker-b4bf677dd-8wtzn,13m,172Mi
2026-10-04T22:35:35+05:30,worker-b4bf677dd-gm4vt,5m,172Mi
2026-10-04T22:35:35+05:30,worker-b4bf677dd-gvmz7,7m,172Mi
2026-10-04T22:35:35+05:30,worker-b4bf677dd-nbtzr,5m,170Mi
2026-10-04T22:35:35+05:30,worker-b4bf677dd-p2s6t,6m,173Mi
2026-10-04T22:35:35+05:30,worker-b4bf677dd-pkhg5,4m,172Mi
2026-10-04T22:35:35+05:30,worker-b4bf677dd-rlcwq,6m,172Mi
2026-10-04T22:35:35+05:30,worker-b4bf677dd-w79tq,5m,172Mi
2026-10-04T22:35:53+05:30,locust-kill-worker3-jttzc,0m,1Mi
2026-10-04T22:35:53+05:30,monitor,2m,50Mi
2026-10-04T22:35:53+05:30,postgres-cf9fdbc59-tfwlk,33m,62Mi
2026-10-04T22:35:53+05:30,redis-74f4fb978c-2sb5t,7m,5Mi
2026-10-04T22:35:53+05:30,web-748fdd5fb9-46kpp,17m,104Mi
2026-10-04T22:35:53+05:30,worker-b4bf677dd-8wtzn,5m,172Mi
2026-10-04T22:35:53+05:30,worker-b4bf677dd-gm4vt,6m,172Mi
2026-10-04T22:35:53+05:30,worker-b4bf677dd-gvmz7,5m,173Mi
2026-10-04T22:35:53+05:30,worker-b4bf677dd-nbtzr,7m,170Mi
2026-10-04T22:35:53+05:30,worker-b4bf677dd-p2s6t,7m,173Mi
2026-10-04T22:35:53+05:30,worker-b4bf677dd-pkhg5,5m,172Mi
2026-10-04T22:35:53+05:30,worker-b4bf677dd-rlcwq,6m,172Mi
2026-10-04T22:35:53+05:30,worker-b4bf677dd-w79tq,7m,172Mi
2026-10-04T22:36:11+05:30,locust-kill-worker3-jttzc,0m,1Mi
2026-10-04T22:36:11+05:30,monitor,2m,50Mi
2026-10-04T22:36:11+05:30,postgres-cf9fdbc59-tfwlk,42m,57Mi
2026-10-04T22:36:11+05:30,redis-74f4fb978c-2sb5t,7m,5Mi
2026-10-04T22:36:11+05:30,web-748fdd5fb9-46kpp,16m,103Mi
2026-10-04T22:36:11+05:30,worker-b4bf677dd-8wtzn,6m,172Mi
2026-10-04T22:36:11+05:30,worker-b4bf677dd-gm4vt,5m,172Mi
2026-10-04T22:36:11+05:30,worker-b4bf677dd-gvmz7,5m,173Mi
2026-10-04T22:36:11+05:30,worker-b4bf677dd-nbtzr,6m,170Mi
2026-10-04T22:36:11+05:30,worker-b4bf677dd-p2s6t,6m,173Mi
2026-10-04T22:36:11+05:30,worker-b4bf677dd-pkhg5,6m,172Mi
2026-10-04T22:36:11+05:30,worker-b4bf677dd-rlcwq,6m,172Mi
2026-10-04T22:36:11+05:30,worker-b4bf677dd-w79tq,5m,172Mi
2026-10-04T22:36:29+05:30,locust-kill-worker3-jttzc,0m,1Mi
2026-10-04T22:36:29+05:30,monitor,2m,50Mi
2026-10-04T22:36:29+05:30,postgres-cf9fdbc59-tfwlk,18m,52Mi
2026-10-04T22:36:29+05:30,redis-74f4fb978c-2sb5t,7m,5Mi
2026-10-04T22:36:29+05:30,web-748fdd5fb9-46kpp,16m,103Mi
2026-10-04T22:36:29+05:30,worker-b4bf677dd-8wtzn,4m,172Mi
2026-10-04T22:36:29+05:30,worker-b4bf677dd-gm4vt,5m,172Mi
2026-10-04T22:36:29+05:30,worker-b4bf677dd-gvmz7,5m,172Mi
2026-10-04T22:36:29+05:30,worker-b4bf677dd-nbtzr,5m,170Mi
2026-10-04T22:36:29+05:30,worker-b4bf677dd-p2s6t,4m,173Mi
2026-10-04T22:36:29+05:30,worker-b4bf677dd-pkhg5,6m,172Mi
2026-10-04T22:36:29+05:30,worker-b4bf677dd-rlcwq,5m,172Mi
2026-10-04T22:36:29+05:30,worker-b4bf677dd-w79tq,4m,172Mi
2026-10-04T22:36:47+05:30,locust-kill-worker3-jttzc,0m,1Mi
2026-10-04T22:36:47+05:30,monitor,2m,50Mi
2026-10-04T22:36:47+05:30,postgres-cf9fdbc59-tfwlk,18m,52Mi
2026-10-04T22:36:47+05:30,redis-74f4fb978c-2sb5t,7m,5Mi
2026-10-04T22:36:47+05:30,web-748fdd5fb9-46kpp,17m,103Mi
2026-10-04T22:36:47+05:30,worker-b4bf677dd-8wtzn,4m,172Mi
2026-10-04T22:36:47+05:30,worker-b4bf677dd-gm4vt,5m,172Mi
2026-10-04T22:36:47+05:30,worker-b4bf677dd-gvmz7,4m,172Mi
2026-10-04T22:36:47+05:30,worker-b4bf677dd-nbtzr,4m,170Mi
2026-10-04T22:36:47+05:30,worker-b4bf677dd-p2s6t,4m,173Mi
2026-10-04T22:36:47+05:30,worker-b4bf677dd-pkhg5,4m,172Mi
2026-10-04T22:36:47+05:30,worker-b4bf677dd-rlcwq,5m,172Mi
2026-10-04T22:36:47+05:30,worker-b4bf677dd-w79tq,4m,172Mi
2026-10-04T22:37:06+05:30,locust-kill-worker3-jttzc,0m,1Mi
2026-10-04T22:37:06+05:30,monitor,2m,50Mi
2026-10-04T22:37:06+05:30,postgres-cf9fdbc59-tfwlk,13m,54Mi
2026-10-04T22:37:06+05:30,redis-74f4fb978c-2sb5t,7m,5Mi
2026-10-04T22:37:06+05:30,web-748fdd5fb9-46kpp,16m,103Mi
2026-10-04T22:37:06+05:30,worker-b4bf677dd-8wtzn,4m,172Mi
2026-10-04T22:37:06+05:30,worker-b4bf677dd-gm4vt,5m,172Mi
2026-10-04T22:37:06+05:30,worker-b4bf677dd-gvmz7,4m,172Mi
2026-10-04T22:37:06+05:30,worker-b4bf677dd-nbtzr,5m,170Mi
2026-10-04T22:37:06+05:30,worker-b4bf677dd-p2s6t,4m,173Mi
2026-10-04T22:37:06+05:30,worker-b4bf677dd-pkhg5,4m,172Mi
2026-10-04T22:37:06+05:30,worker-b4bf677dd-rlcwq,4m,172Mi
2026-10-04T22:37:06+05:30,worker-b4bf677dd-w79tq,4m,172Mi
2026-10-04T22:37:25+05:30,locust-kill-worker3-jttzc,0m,1Mi
2026-10-04T22:37:25+05:30,monitor,2m,50Mi
2026-10-04T22:37:25+05:30,postgres-cf9fdbc59-tfwlk,21m,52Mi
2026-10-04T22:37:25+05:30,redis-74f4fb978c-2sb5t,7m,5Mi
2026-10-04T22:37:25+05:30,web-748fdd5fb9-46kpp,17m,103Mi
2026-10-04T22:37:25+05:30,worker-b4bf677dd-8wtzn,5m,172Mi
2026-10-04T22:37:25+05:30,worker-b4bf677dd-gm4vt,4m,172Mi
2026-10-04T22:37:25+05:30,worker-b4bf677dd-gvmz7,4m,172Mi
2026-10-04T22:37:25+05:30,worker-b4bf677dd-nbtzr,4m,170Mi
2026-10-04T22:37:25+05:30,worker-b4bf677dd-p2s6t,4m,173Mi
2026-10-04T22:37:25+05:30,worker-b4bf677dd-pkhg5,4m,172Mi
2026-10-04T22:37:25+05:30,worker-b4bf677dd-rlcwq,5m,172Mi
2026-10-04T22:37:25+05:30,worker-b4bf677dd-w79tq,4m,172Mi
2026-10-04T22:37:43+05:30,locust-kill-worker3-jttzc,0m,1Mi
2026-10-04T22:37:43+05:30,monitor,2m,50Mi
2026-10-04T22:37:43+05:30,postgres-cf9fdbc59-tfwlk,17m,52Mi
2026-10-04T22:37:43+05:30,redis-74f4fb978c-2sb5t,7m,5Mi
2026-10-04T22:37:43+05:30,web-748fdd5fb9-46kpp,17m,103Mi
2026-10-04T22:37:43+05:30,worker-b4bf677dd-8wtzn,5m,172Mi
2026-10-04T22:37:43+05:30,worker-b4bf677dd-gm4vt,4m,172Mi
2026-10-04T22:37:43+05:30,worker-b4bf677dd-gvmz7,5m,172Mi
2026-10-04T22:37:43+05:30,worker-b4bf677dd-nbtzr,4m,170Mi
2026-10-04T22:37:43+05:30,worker-b4bf677dd-p2s6t,4m,173Mi
2026-10-04T22:37:43+05:30,worker-b4bf677dd-pkhg5,4m,172Mi
2026-10-04T22:37:43+05:30,worker-b4bf677dd-rlcwq,4m,172Mi
2026-10-04T22:37:43+05:30,worker-b4bf677dd-w79tq,4m,172Mi
2026-10-04T22:38:01+05:30,locust-kill-worker3-jttzc,0m,1Mi
2026-10-04T22:38:01+05:30,monitor,2m,50Mi
2026-10-04T22:38:01+05:30,postgres-cf9fdbc59-tfwlk,18m,52Mi
2026-10-04T22:38:01+05:30,redis-74f4fb978c-2sb5t,7m,5Mi
2026-10-04T22:38:01+05:30,web-748fdd5fb9-46kpp,16m,103Mi
2026-10-04T22:38:01+05:30,worker-b4bf677dd-8wtzn,4m,172Mi
2026-10-04T22:38:01+05:30,worker-b4bf677dd-gm4vt,5m,172Mi
2026-10-04T22:38:01+05:30,worker-b4bf677dd-gvmz7,5m,172Mi
2026-10-04T22:38:01+05:30,worker-b4bf677dd-nbtzr,4m,170Mi
2026-10-04T22:38:01+05:30,worker-b4bf677dd-p2s6t,4m,173Mi
2026-10-04T22:38:01+05:30,worker-b4bf677dd-pkhg5,4m,172Mi
2026-10-04T22:38:01+05:30,worker-b4bf677dd-rlcwq,4m,172Mi
2026-10-04T22:38:01+05:30,worker-b4bf677dd-w79tq,4m,172Mi
2026-10-04T22:38:20+05:30,locust-kill-worker3-jttzc,0m,1Mi
2026-10-04T22:38:20+05:30,monitor,2m,50Mi
2026-10-04T22:38:20+05:30,postgres-cf9fdbc59-tfwlk,19m,52Mi
2026-10-04T22:38:20+05:30,redis-74f4fb978c-2sb5t,7m,5Mi
2026-10-04T22:38:20+05:30,web-748fdd5fb9-46kpp,16m,103Mi
2026-10-04T22:38:20+05:30,worker-b4bf677dd-8wtzn,4m,172Mi
2026-10-04T22:38:20+05:30,worker-b4bf677dd-gm4vt,5m,172Mi
2026-10-04T22:38:20+05:30,worker-b4bf677dd-gvmz7,5m,172Mi
2026-10-04T22:38:20+05:30,worker-b4bf677dd-nbtzr,4m,170Mi
2026-10-04T22:38:20+05:30,worker-b4bf677dd-p2s6t,4m,173Mi
2026-10-04T22:38:20+05:30,worker-b4bf677dd-pkhg5,4m,172Mi
2026-10-04T22:38:20+05:30,worker-b4bf677dd-rlcwq,4m,172Mi
2026-10-04T22:38:20+05:30,worker-b4bf677dd-w79tq,4m,172Mi
2026-10-04T22:38:38+05:30,locust-kill-worker3-jttzc,0m,1Mi
2026-10-04T22:38:38+05:30,monitor,2m,50Mi
2026-10-04T22:38:38+05:30,postgres-cf9fdbc59-tfwlk,17m,52Mi
2026-10-04T22:38:38+05:30,redis-74f4fb978c-2sb5t,7m,5Mi
2026-10-04T22:38:38+05:30,web-748fdd5fb9-46kpp,17m,103Mi
2026-10-04T22:38:38+05:30,worker-b4bf677dd-8wtzn,4m,172Mi
2026-10-04T22:38:38+05:30,worker-b4bf677dd-gm4vt,4m,172Mi
2026-10-04T22:38:38+05:30,worker-b4bf677dd-gvmz7,5m,172Mi
2026-10-04T22:38:38+05:30,worker-b4bf677dd-nbtzr,4m,170Mi
2026-10-04T22:38:38+05:30,worker-b4bf677dd-p2s6t,4m,173Mi
2026-10-04T22:38:38+05:30,worker-b4bf677dd-pkhg5,4m,172Mi
2026-10-04T22:38:38+05:30,worker-b4bf677dd-rlcwq,5m,172Mi
2026-10-04T22:38:38+05:30,worker-b4bf677dd-w79tq,4m,172Mi
2026-10-04T22:49:17+05:30,locust-kill-worker3-jttzc,0m,1Mi
2026-10-04T22:49:17+05:30,monitor,2m,50Mi
2026-10-04T22:49:17+05:30,postgres-cf9fdbc59-tfwlk,13m,52Mi
2026-10-04T22:49:17+05:30,redis-74f4fb978c-2sb5t,7m,5Mi
2026-10-04T22:49:17+05:30,web-748fdd5fb9-46kpp,17m,103Mi
2026-10-04T22:49:17+05:30,worker-b4bf677dd-8wtzn,4m,172Mi
2026-10-04T22:49:17+05:30,worker-b4bf677dd-gm4vt,4m,172Mi
2026-10-04T22:49:17+05:30,worker-b4bf677dd-gvmz7,4m,172Mi
2026-10-04T22:49:17+05:30,worker-b4bf677dd-nbtzr,4m,170Mi
2026-10-04T22:49:17+05:30,worker-b4bf677dd-p2s6t,4m,173Mi
2026-10-04T22:49:17+05:30,worker-b4bf677dd-pkhg5,4m,172Mi
2026-10-04T22:49:17+05:30,worker-b4bf677dd-rlcwq,4m,172Mi
2026-10-04T22:49:17+05:30,worker-b4bf677dd-w79tq,4m,172Mi
2026-10-04T22:49:35+05:30,locust-kill-worker3-jttzc,0m,1Mi
2026-10-04T22:49:35+05:30,monitor,2m,50Mi
2026-10-04T22:49:35+05:30,postgres-cf9fdbc59-tfwlk,14m,52Mi
2026-10-04T22:49:35+05:30,redis-74f4fb978c-2sb5t,6m,5Mi
2026-10-04T22:49:35+05:30,web-748fdd5fb9-46kpp,16m,103Mi
2026-10-04T22:49:35+05:30,worker-b4bf677dd-8wtzn,4m,172Mi
2026-10-04T22:49:35+05:30,worker-b4bf677dd-gm4vt,4m,172Mi
2026-10-04T22:49:35+05:30,worker-b4bf677dd-gvmz7,4m,172Mi
2026-10-04T22:49:35+05:30,worker-b4bf677dd-nbtzr,4m,170Mi
2026-10-04T22:49:35+05:30,worker-b4bf677dd-p2s6t,4m,173Mi
2026-10-04T22:49:35+05:30,worker-b4bf677dd-pkhg5,4m,172Mi
2026-10-04T22:49:35+05:30,worker-b4bf677dd-rlcwq,4m,172Mi
2026-10-04T22:49:35+05:30,worker-b4bf677dd-w79tq,4m,172Mi
2026-10-04T22:49:53+05:30,locust-kill-worker3-jttzc,0m,1Mi
2026-10-04T22:49:53+05:30,monitor,2m,50Mi
2026-10-04T22:49:53+05:30,postgres-cf9fdbc59-tfwlk,18m,52Mi
2026-10-04T22:49:53+05:30,redis-74f4fb978c-2sb5t,6m,5Mi
2026-10-04T22:49:53+05:30,web-748fdd5fb9-46kpp,17m,103Mi
2026-10-04T22:49:53+05:30,worker-b4bf677dd-8wtzn,4m,172Mi
2026-10-04T22:49:53+05:30,worker-b4bf677dd-gm4vt,4m,172Mi
2026-10-04T22:49:53+05:30,worker-b4bf677dd-gvmz7,4m,172Mi
2026-10-04T22:49:53+05:30,worker-b4bf677dd-nbtzr,4m,170Mi
2026-10-04T22:49:53+05:30,worker-b4bf677dd-p2s6t,4m,173Mi
2026-10-04T22:49:53+05:30,worker-b4bf677dd-pkhg5,4m,172Mi
2026-10-04T22:49:53+05:30,worker-b4bf677dd-rlcwq,4m,172Mi
2026-10-04T22:49:53+05:30,worker-b4bf677dd-w79tq,4m,172Mi
2026-10-04T22:50:11+05:30,locust-kill-worker3-jttzc,0m,1Mi
2026-10-04T22:50:11+05:30,monitor,2m,50Mi
2026-10-04T22:50:11+05:30,postgres-cf9fdbc59-tfwlk,15m,52Mi
2026-10-04T22:50:11+05:30,redis-74f4fb978c-2sb5t,7m,5Mi
2026-10-04T22:50:11+05:30,web-748fdd5fb9-46kpp,16m,103Mi
2026-10-04T22:50:11+05:30,worker-b4bf677dd-8wtzn,4m,172Mi
2026-10-04T22:50:11+05:30,worker-b4bf677dd-gm4vt,4m,172Mi
2026-10-04T22:50:11+05:30,worker-b4bf677dd-gvmz7,4m,172Mi
2026-10-04T22:50:11+05:30,worker-b4bf677dd-nbtzr,4m,170Mi
2026-10-04T22:50:11+05:30,worker-b4bf677dd-p2s6t,4m,173Mi
2026-10-04T22:50:11+05:30,worker-b4bf677dd-pkhg5,3m,172Mi
2026-10-04T22:50:11+05:30,worker-b4bf677dd-rlcwq,4m,172Mi
2026-10-04T22:50:11+05:30,worker-b4bf677dd-w79tq,4m,172Mi
2026-10-04T22:50:30+05:30,locust-kill-worker3-jttzc,0m,1Mi
2026-10-04T22:50:30+05:30,monitor,2m,50Mi
2026-10-04T22:50:30+05:30,postgres-cf9fdbc59-tfwlk,16m,52Mi
2026-10-04T22:50:30+05:30,redis-74f4fb978c-2sb5t,6m,5Mi
2026-10-04T22:50:30+05:30,web-748fdd5fb9-46kpp,16m,103Mi
2026-10-04T22:50:30+05:30,worker-b4bf677dd-8wtzn,4m,172Mi
2026-10-04T22:50:30+05:30,worker-b4bf677dd-gm4vt,4m,172Mi
2026-10-04T22:50:30+05:30,worker-b4bf677dd-gvmz7,4m,172Mi
2026-10-04T22:50:30+05:30,worker-b4bf677dd-nbtzr,4m,170Mi
2026-10-04T22:50:30+05:30,worker-b4bf677dd-p2s6t,4m,173Mi
2026-10-04T22:50:30+05:30,worker-b4bf677dd-pkhg5,4m,172Mi
2026-10-04T22:50:30+05:30,worker-b4bf677dd-rlcwq,4m,172Mi
2026-10-04T22:50:30+05:30,worker-b4bf677dd-w79tq,4m,172Mi
2026-10-04T22:50:48+05:30,locust-kill-worker3-jttzc,0m,1Mi
2026-10-04T22:50:48+05:30,monitor,2m,50Mi
2026-10-04T22:50:48+05:30,postgres-cf9fdbc59-tfwlk,17m,52Mi
2026-10-04T22:50:48+05:30,redis-74f4fb978c-2sb5t,6m,5Mi
2026-10-04T22:50:48+05:30,web-748fdd5fb9-46kpp,17m,103Mi
2026-10-04T22:50:48+05:30,worker-b4bf677dd-8wtzn,4m,172Mi
2026-10-04T22:50:48+05:30,worker-b4bf677dd-gm4vt,4m,172Mi
2026-10-04T22:50:48+05:30,worker-b4bf677dd-gvmz7,4m,172Mi
2026-10-04T22:50:48+05:30,worker-b4bf677dd-nbtzr,4m,170Mi
2026-10-04T22:50:48+05:30,worker-b4bf677dd-p2s6t,4m,173Mi
2026-10-04T22:50:48+05:30,worker-b4bf677dd-pkhg5,4m,172Mi
2026-10-04T22:50:48+05:30,worker-b4bf677dd-rlcwq,4m,172Mi
2026-10-04T22:50:48+05:30,worker-b4bf677dd-w79tq,4m,172Mi
2026-10-04T22:51:07+05:30,locust-kill-worker3-jttzc,0m,1Mi
2026-10-04T22:51:07+05:30,monitor,2m,50Mi
2026-10-04T22:51:07+05:30,postgres-cf9fdbc59-tfwlk,12m,52Mi
2026-10-04T22:51:07+05:30,redis-74f4fb978c-2sb5t,7m,5Mi
2026-10-04T22:51:07+05:30,web-748fdd5fb9-46kpp,16m,103Mi
2026-10-04T22:51:07+05:30,worker-b4bf677dd-8wtzn,4m,172Mi
2026-10-04T22:51:07+05:30,worker-b4bf677dd-gm4vt,4m,172Mi
2026-10-04T22:51:07+05:30,worker-b4bf677dd-gvmz7,4m,172Mi
2026-10-04T22:51:07+05:30,worker-b4bf677dd-nbtzr,4m,170Mi
2026-10-04T22:51:07+05:30,worker-b4bf677dd-p2s6t,4m,173Mi
2026-10-04T22:51:07+05:30,worker-b4bf677dd-pkhg5,4m,172Mi
2026-10-04T22:51:07+05:30,worker-b4bf677dd-rlcwq,4m,172Mi
2026-10-04T22:51:07+05:30,worker-b4bf677dd-w79tq,4m,172Mi
2026-10-04T22:51:26+05:30,locust-kill-worker3-jttzc,0m,1Mi
2026-10-04T22:51:26+05:30,monitor,2m,50Mi
2026-10-04T22:51:26+05:30,postgres-cf9fdbc59-tfwlk,16m,52Mi
2026-10-04T22:51:26+05:30,redis-74f4fb978c-2sb5t,6m,5Mi
2026-10-04T22:51:26+05:30,web-748fdd5fb9-46kpp,17m,103Mi
2026-10-04T22:51:26+05:30,worker-b4bf677dd-8wtzn,4m,172Mi
2026-10-04T22:51:26+05:30,worker-b4bf677dd-gm4vt,4m,172Mi
2026-10-04T22:51:26+05:30,worker-b4bf677dd-gvmz7,4m,172Mi
2026-10-04T22:51:26+05:30,worker-b4bf677dd-nbtzr,4m,170Mi
2026-10-04T22:51:26+05:30,worker-b4bf677dd-p2s6t,4m,173Mi
2026-10-04T22:51:26+05:30,worker-b4bf677dd-pkhg5,4m,172Mi
2026-10-04T22:51:26+05:30,worker-b4bf677dd-rlcwq,4m,172Mi
2026-10-04T22:51:26+05:30,worker-b4bf677dd-w79tq,4m,172Mi
2026-10-04T22:51:44+05:30,locust-kill-worker3-jttzc,0m,1Mi
2026-10-04T22:51:44+05:30,monitor,2m,50Mi
2026-10-04T22:51:44+05:30,postgres-cf9fdbc59-tfwlk,16m,53Mi
2026-10-04T22:51:44+05:30,redis-74f4fb978c-2sb5t,6m,5Mi
2026-10-04T22:51:44+05:30,web-748fdd5fb9-46kpp,17m,103Mi
2026-10-04T22:51:44+05:30,worker-b4bf677dd-8wtzn,4m,172Mi
2026-10-04T22:51:44+05:30,worker-b4bf677dd-gm4vt,4m,172Mi
2026-10-04T22:51:44+05:30,worker-b4bf677dd-gvmz7,4m,172Mi
2026-10-04T22:51:44+05:30,worker-b4bf677dd-nbtzr,4m,170Mi
2026-10-04T22:51:44+05:30,worker-b4bf677dd-p2s6t,4m,173Mi
2026-10-04T22:51:44+05:30,worker-b4bf677dd-pkhg5,4m,172Mi
2026-10-04T22:51:44+05:30,worker-b4bf677dd-rlcwq,5m,172Mi
2026-10-04T22:51:44+05:30,worker-b4bf677dd-w79tq,4m,172Mi
2026-10-04T22:52:02+05:30,locust-kill-worker3-jttzc,0m,1Mi
2026-10-04T22:52:02+05:30,monitor,2m,50Mi
2026-10-04T22:52:02+05:30,postgres-cf9fdbc59-tfwlk,16m,52Mi
2026-10-04T22:52:02+05:30,redis-74f4fb978c-2sb5t,7m,5Mi
2026-10-04T22:52:02+05:30,web-748fdd5fb9-46kpp,16m,103Mi
2026-10-04T22:52:02+05:30,worker-b4bf677dd-8wtzn,4m,172Mi
2026-10-04T22:52:02+05:30,worker-b4bf677dd-gm4vt,4m,172Mi
2026-10-04T22:52:02+05:30,worker-b4bf677dd-gvmz7,4m,172Mi
2026-10-04T22:52:02+05:30,worker-b4bf677dd-nbtzr,4m,170Mi
2026-10-04T22:52:02+05:30,worker-b4bf677dd-p2s6t,4m,173Mi
2026-10-04T22:52:02+05:30,worker-b4bf677dd-pkhg5,4m,172Mi
2026-10-04T22:52:02+05:30,worker-b4bf677dd-rlcwq,4m,172Mi
2026-10-04T22:52:02+05:30,worker-b4bf677dd-w79tq,4m,172Mi
2026-10-04T22:52:21+05:30,locust-kill-worker3-jttzc,0m,1Mi
2026-10-04T22:52:21+05:30,monitor,2m,50Mi
2026-10-04T22:52:21+05:30,postgres-cf9fdbc59-tfwlk,17m,52Mi
2026-10-04T22:52:21+05:30,redis-74f4fb978c-2sb5t,7m,5Mi
2026-10-04T22:52:21+05:30,web-748fdd5fb9-46kpp,16m,103Mi
2026-10-04T22:52:21+05:30,worker-b4bf677dd-8wtzn,4m,172Mi
2026-10-04T22:52:21+05:30,worker-b4bf677dd-gm4vt,4m,172Mi
2026-10-04T22:52:21+05:30,worker-b4bf677dd-gvmz7,4m,172Mi
2026-10-04T22:52:21+05:30,worker-b4bf677dd-nbtzr,4m,170Mi
2026-10-04T22:52:21+05:30,worker-b4bf677dd-p2s6t,4m,173Mi
2026-10-04T22:52:21+05:30,worker-b4bf677dd-pkhg5,4m,172Mi
2026-10-04T22:52:21+05:30,worker-b4bf677dd-rlcwq,4m,172Mi
2026-10-04T22:52:21+05:30,worker-b4bf677dd-w79tq,4m,172Mi
2026-10-04T22:52:39+05:30,locust-kill-worker3-jttzc,0m,1Mi
2026-10-04T22:52:39+05:30,monitor,2m,50Mi
2026-10-04T22:52:39+05:30,postgres-cf9fdbc59-tfwlk,15m,52Mi
2026-10-04T22:52:39+05:30,redis-74f4fb978c-2sb5t,7m,5Mi
2026-10-04T22:52:39+05:30,web-748fdd5fb9-46kpp,17m,103Mi
2026-10-04T22:52:39+05:30,worker-b4bf677dd-8wtzn,4m,172Mi
2026-10-04T22:52:39+05:30,worker-b4bf677dd-gm4vt,4m,172Mi
2026-10-04T22:52:39+05:30,worker-b4bf677dd-gvmz7,4m,172Mi
2026-10-04T22:52:39+05:30,worker-b4bf677dd-nbtzr,4m,170Mi
2026-10-04T22:52:39+05:30,worker-b4bf677dd-p2s6t,4m,173Mi
2026-10-04T22:52:39+05:30,worker-b4bf677dd-pkhg5,4m,172Mi
2026-10-04T22:52:39+05:30,worker-b4bf677dd-rlcwq,4m,172Mi
2026-10-04T22:52:39+05:30,worker-b4bf677dd-w79tq,4m,172Mi
2026-10-04T22:52:57+05:30,locust-kill-worker3-jttzc,0m,1Mi
2026-10-04T22:52:57+05:30,monitor,2m,50Mi
2026-10-04T22:52:57+05:30,postgres-cf9fdbc59-tfwlk,16m,52Mi
2026-10-04T22:52:57+05:30,redis-74f4fb978c-2sb5t,6m,5Mi
2026-10-04T22:52:57+05:30,web-748fdd5fb9-46kpp,16m,103Mi
2026-10-04T22:52:57+05:30,worker-b4bf677dd-8wtzn,4m,172Mi
2026-10-04T22:52:57+05:30,worker-b4bf677dd-gm4vt,4m,172Mi
2026-10-04T22:52:57+05:30,worker-b4bf677dd-gvmz7,4m,172Mi
2026-10-04T22:52:57+05:30,worker-b4bf677dd-nbtzr,4m,170Mi
2026-10-04T22:52:57+05:30,worker-b4bf677dd-p2s6t,4m,173Mi
2026-10-04T22:52:57+05:30,worker-b4bf677dd-pkhg5,4m,172Mi
2026-10-04T22:52:57+05:30,worker-b4bf677dd-rlcwq,4m,172Mi
2026-10-04T22:52:57+05:30,worker-b4bf677dd-w79tq,4m,172Mi
