2026-10-04T19:20:41+05:30,ip-192-168-33-205.eu-north-1.compute.internal,45m,2%,983Mi,29%
2026-10-04T19:20:41+05:30,ip-192-168-86-95.eu-north-1.compute.internal,59m,3%,1023Mi,31%
2026-10-04T19:20:41+05:30,ip-192-168-9-242.eu-north-1.compute.internal,68m,3%,893Mi,27%
2026-10-04T19:21:05+05:30,ip-192-168-33-205.eu-north-1.compute.internal,240m,12%,1031Mi,31%
2026-10-04T19:21:05+05:30,ip-192-168-86-95.eu-north-1.compute.internal,91m,4%,1063Mi,32%
2026-10-04T19:21:05+05:30,ip-192-168-9-242.eu-north-1.compute.internal,78m,4%,901Mi,27%
2026-10-04T19:21:23+05:30,ip-192-168-33-205.eu-north-1.compute.internal,111m,5%,1074Mi,32%
2026-10-04T19:21:23+05:30,ip-192-168-86-95.eu-north-1.compute.internal,549m,28%,1079Mi,32%
2026-10-04T19:21:23+05:30,ip-192-168-9-242.eu-north-1.compute.internal,637m,33%,978Mi,29%
2026-10-04T19:21:43+05:30,ip-192-168-33-205.eu-north-1.compute.internal,146m,7%,1090Mi,33%
2026-10-04T19:21:43+05:30,ip-192-168-86-95.eu-north-1.compute.internal,617m,31%,1095Mi,33%
2026-10-04T19:21:43+05:30,ip-192-168-9-242.eu-north-1.compute.internal,476m,24%,985Mi,29%
2026-10-04T19:22:04+05:30,ip-192-168-33-205.eu-north-1.compute.internal,135m,6%,1094Mi,33%
2026-10-04T19:22:04+05:30,ip-192-168-86-95.eu-north-1.compute.internal,561m,29%,1103Mi,33%
2026-10-04T19:22:04+05:30,ip-192-168-9-242.eu-north-1.compute.internal,452m,23%,988Mi,30%
2026-10-04T19:22:22+05:30,ip-192-168-33-205.eu-north-1.compute.internal,133m,6%,1097Mi,33%
2026-10-04T19:22:22+05:30,ip-192-168-86-95.eu-north-1.compute.internal,684m,35%,1098Mi,33%
2026-10-04T19:22:22+05:30,ip-192-168-9-242.eu-north-1.compute.internal,483m,25%,989Mi,30%
2026-10-04T19:22:42+05:30,ip-192-168-33-205.eu-north-1.compute.internal,152m,7%,1101Mi,33%
2026-10-04T19:22:42+05:30,ip-192-168-86-95.eu-north-1.compute.internal,655m,33%,1111Mi,33%
2026-10-04T19:22:42+05:30,ip-192-168-9-242.eu-north-1.compute.internal,499m,25%,991Mi,30%
2026-10-04T19:23:03+05:30,ip-192-168-33-205.eu-north-1.compute.internal,166m,8%,1102Mi,33%
2026-10-04T19:23:03+05:30,ip-192-168-86-95.eu-north-1.compute.internal,555m,28%,1077Mi,32%
2026-10-04T19:23:03+05:30,ip-192-168-9-242.eu-north-1.compute.internal,479m,24%,991Mi,30%
2026-10-04T19:23:22+05:30,ip-192-168-33-205.eu-north-1.compute.internal,78m,4%,1102Mi,33%
2026-10-04T19:23:22+05:30,ip-192-168-86-95.eu-north-1.compute.internal,87m,4%,1076Mi,32%
2026-10-04T19:23:22+05:30,ip-192-168-9-242.eu-north-1.compute.internal,181m,9%,950Mi,28%
2026-10-04T19:23:41+05:30,ip-192-168-33-205.eu-north-1.compute.internal,125m,6%,1102Mi,33%
2026-10-04T19:23:41+05:30,ip-192-168-86-95.eu-north-1.compute.internal,113m,5%,1069Mi,32%
2026-10-04T19:23:41+05:30,ip-192-168-9-242.eu-north-1.compute.internal,146m,7%,951Mi,28%
2026-10-04T19:23:59+05:30,ip-192-168-33-205.eu-north-1.compute.internal,42m,2%,1103Mi,33%
2026-10-04T19:23:59+05:30,ip-192-168-86-95.eu-north-1.compute.internal,77m,3%,1071Mi,32%
2026-10-04T19:23:59+05:30,ip-192-168-9-242.eu-north-1.compute.internal,64m,3%,951Mi,28%
2026-10-04T19:24:18+05:30,ip-192-168-33-205.eu-north-1.compute.internal,47m,2%,1103Mi,33%
2026-10-04T19:24:18+05:30,ip-192-168-86-95.eu-north-1.compute.internal,63m,3%,1074Mi,32%
2026-10-04T19:24:18+05:30,ip-192-168-9-242.eu-north-1.compute.internal,67m,3%,950Mi,28%
2026-10-04T19:24:36+05:30,ip-192-168-33-205.eu-north-1.compute.internal,40m,2%,1104Mi,33%
2026-10-04T19:24:36+05:30,ip-192-168-86-95.eu-north-1.compute.internal,72m,3%,1075Mi,32%
2026-10-04T19:24:36+05:30,ip-192-168-9-242.eu-north-1.compute.internal,64m,3%,951Mi,28%
2026-10-04T19:24:54+05:30,ip-192-168-33-205.eu-north-1.compute.internal,51m,2%,1104Mi,33%
2026-10-04T19:24:54+05:30,ip-192-168-86-95.eu-north-1.compute.internal,75m,3%,1075Mi,32%
2026-10-04T19:24:54+05:30,ip-192-168-9-242.eu-north-1.compute.internal,66m,3%,950Mi,28%
2026-10-04T19:25:12+05:30,ip-192-168-33-205.eu-north-1.compute.internal,49m,2%,1102Mi,33%
2026-10-04T19:25:12+05:30,ip-192-168-86-95.eu-north-1.compute.internal,81m,4%,1074Mi,32%
2026-10-04T19:25:12+05:30,ip-192-168-9-242.eu-north-1.compute.internal,68m,3%,950Mi,28%
