2026-10-04T19:20:41+05:30,monitor,0m,2Mi
2026-10-04T19:20:41+05:30,postgres-cf9fdbc59-tfwlk,12m,39Mi
2026-10-04T19:20:41+05:30,redis-74f4fb978c-2sb5t,7m,4Mi
2026-10-04T19:20:41+05:30,web-748fdd5fb9-46kpp,15m,98Mi
2026-10-04T19:20:41+05:30,worker-b4bf677dd-5hzfd,4m,173Mi
2026-10-04T19:20:41+05:30,worker-b4bf677dd-8dwwj,4m,149Mi
2026-10-04T19:20:41+05:30,worker-b4bf677dd-djmjs,4m,148Mi
2026-10-04T19:20:41+05:30,worker-b4bf677dd-l4b7s,4m,149Mi
2026-10-04T19:20:41+05:30,worker-b4bf677dd-p2s6t,5m,149Mi
2026-10-04T19:20:41+05:30,worker-b4bf677dd-qts4d,4m,149Mi
2026-10-04T19:20:41+05:30,worker-b4bf677dd-rdsfz,4m,149Mi
2026-10-04T19:20:41+05:30,worker-b4bf677dd-rfs6s,4m,149Mi
2026-10-04T19:21:05+05:30,monitor,108m,50Mi
2026-10-04T19:21:05+05:30,postgres-cf9fdbc59-tfwlk,33m,59Mi
2026-10-04T19:21:05+05:30,redis-74f4fb978c-2sb5t,8m,4Mi
2026-10-04T19:21:05+05:30,web-748fdd5fb9-46kpp,26m,99Mi
2026-10-04T19:21:05+05:30,worker-b4bf677dd-5hzfd,4m,173Mi
2026-10-04T19:21:05+05:30,worker-b4bf677dd-8dwwj,4m,149Mi
2026-10-04T19:21:05+05:30,worker-b4bf677dd-djmjs,4m,148Mi
2026-10-04T19:21:05+05:30,worker-b4bf677dd-l4b7s,4m,149Mi
2026-10-04T19:21:05+05:30,worker-b4bf677dd-p2s6t,6m,155Mi
2026-10-04T19:21:05+05:30,worker-b4bf677dd-qts4d,4m,149Mi
2026-10-04T19:21:05+05:30,worker-b4bf677dd-rdsfz,4m,149Mi
2026-10-04T19:21:05+05:30,worker-b4bf677dd-rfs6s,4m,149Mi
2026-10-04T19:21:23+05:30,locust-workers8-b9pf4,76m,38Mi
2026-10-04T19:21:23+05:30,monitor,2m,50Mi
2026-10-04T19:21:23+05:30,postgres-cf9fdbc59-tfwlk,409m,80Mi
2026-10-04T19:21:23+05:30,redis-74f4fb978c-2sb5t,13m,5Mi
2026-10-04T19:21:23+05:30,web-748fdd5fb9-46kpp,302m,107Mi
2026-10-04T19:21:23+05:30,worker-b4bf677dd-5hzfd,16m,173Mi
2026-10-04T19:21:23+05:30,worker-b4bf677dd-8dwwj,19m,163Mi
2026-10-04T19:21:23+05:30,worker-b4bf677dd-djmjs,14m,164Mi
2026-10-04T19:21:23+05:30,worker-b4bf677dd-l4b7s,15m,163Mi
2026-10-04T19:21:23+05:30,worker-b4bf677dd-p2s6t,6m,155Mi
2026-10-04T19:21:23+05:30,worker-b4bf677dd-qts4d,18m,165Mi
2026-10-04T19:21:23+05:30,worker-b4bf677dd-rdsfz,14m,162Mi
2026-10-04T19:21:23+05:30,worker-b4bf677dd-rfs6s,26m,165Mi
2026-10-04T19:21:43+05:30,locust-workers8-b9pf4,80m,39Mi
2026-10-04T19:21:43+05:30,monitor,2m,50Mi
2026-10-04T19:21:43+05:30,postgres-cf9fdbc59-tfwlk,452m,86Mi
2026-10-04T19:21:43+05:30,redis-74f4fb978c-2sb5t,14m,5Mi
2026-10-04T19:21:43+05:30,web-748fdd5fb9-46kpp,267m,108Mi
2026-10-04T19:21:43+05:30,worker-b4bf677dd-5hzfd,26m,173Mi
2026-10-04T19:21:43+05:30,worker-b4bf677dd-8dwwj,31m,170Mi
2026-10-04T19:21:43+05:30,worker-b4bf677dd-djmjs,27m,167Mi
2026-10-04T19:21:43+05:30,worker-b4bf677dd-l4b7s,29m,170Mi
2026-10-04T19:21:43+05:30,worker-b4bf677dd-p2s6t,29m,170Mi
2026-10-04T19:21:43+05:30,worker-b4bf677dd-qts4d,26m,165Mi
2026-10-04T19:21:43+05:30,worker-b4bf677dd-rdsfz,27m,168Mi
2026-10-04T19:21:43+05:30,worker-b4bf677dd-rfs6s,27m,165Mi
2026-10-04T19:22:04+05:30,locust-workers8-b9pf4,82m,39Mi
2026-10-04T19:22:04+05:30,monitor,2m,50Mi
2026-10-04T19:22:04+05:30,postgres-cf9fdbc59-tfwlk,465m,79Mi
2026-10-04T19:22:04+05:30,redis-74f4fb978c-2sb5t,13m,5Mi
2026-10-04T19:22:04+05:30,web-748fdd5fb9-46kpp,264m,109Mi
2026-10-04T19:22:04+05:30,worker-b4bf677dd-5hzfd,26m,173Mi
2026-10-04T19:22:04+05:30,worker-b4bf677dd-8dwwj,27m,170Mi
2026-10-04T19:22:04+05:30,worker-b4bf677dd-djmjs,29m,170Mi
2026-10-04T19:22:04+05:30,worker-b4bf677dd-l4b7s,24m,170Mi
2026-10-04T19:22:04+05:30,worker-b4bf677dd-p2s6t,25m,170Mi
2026-10-04T19:22:04+05:30,worker-b4bf677dd-qts4d,25m,168Mi
2026-10-04T19:22:04+05:30,worker-b4bf677dd-rdsfz,27m,168Mi
2026-10-04T19:22:04+05:30,worker-b4bf677dd-rfs6s,27m,165Mi
2026-10-04T19:22:22+05:30,locust-workers8-b9pf4,85m,39Mi
2026-10-04T19:22:22+05:30,monitor,2m,50Mi
2026-10-04T19:22:22+05:30,postgres-cf9fdbc59-tfwlk,472m,94Mi
2026-10-04T19:22:22+05:30,redis-74f4fb978c-2sb5t,14m,5Mi
2026-10-04T19:22:22+05:30,web-748fdd5fb9-46kpp,279m,109Mi
2026-10-04T19:22:22+05:30,worker-b4bf677dd-5hzfd,26m,173Mi
2026-10-04T19:22:22+05:30,worker-b4bf677dd-8dwwj,32m,172Mi
2026-10-04T19:22:22+05:30,worker-b4bf677dd-djmjs,30m,171Mi
2026-10-04T19:22:22+05:30,worker-b4bf677dd-l4b7s,28m,172Mi
2026-10-04T19:22:22+05:30,worker-b4bf677dd-p2s6t,28m,170Mi
2026-10-04T19:22:22+05:30,worker-b4bf677dd-qts4d,25m,168Mi
2026-10-04T19:22:22+05:30,worker-b4bf677dd-rdsfz,27m,170Mi
2026-10-04T19:22:22+05:30,worker-b4bf677dd-rfs6s,28m,165Mi
2026-10-04T19:22:42+05:30,locust-workers8-b9pf4,88m,39Mi
2026-10-04T19:22:42+05:30,monitor,2m,50Mi
2026-10-04T19:22:42+05:30,postgres-cf9fdbc59-tfwlk,495m,89Mi
2026-10-04T19:22:42+05:30,redis-74f4fb978c-2sb5t,14m,5Mi
2026-10-04T19:22:42+05:30,web-748fdd5fb9-46kpp,283m,109Mi
2026-10-04T19:22:42+05:30,worker-b4bf677dd-5hzfd,30m,173Mi
2026-10-04T19:22:42+05:30,worker-b4bf677dd-8dwwj,26m,172Mi
2026-10-04T19:22:42+05:30,worker-b4bf677dd-djmjs,31m,171Mi
2026-10-04T19:22:42+05:30,worker-b4bf677dd-l4b7s,30m,172Mi
2026-10-04T19:22:42+05:30,worker-b4bf677dd-p2s6t,30m,170Mi
2026-10-04T19:22:42+05:30,worker-b4bf677dd-qts4d,27m,168Mi
2026-10-04T19:22:42+05:30,worker-b4bf677dd-rdsfz,28m,172Mi
2026-10-04T19:22:42+05:30,worker-b4bf677dd-rfs6s,30m,168Mi
2026-10-04T19:23:03+05:30,locust-workers8-b9pf4,87m,39Mi
2026-10-04T19:23:03+05:30,monitor,2m,50Mi
2026-10-04T19:23:03+05:30,postgres-cf9fdbc59-tfwlk,396m,51Mi
2026-10-04T19:23:03+05:30,redis-74f4fb978c-2sb5t,13m,5Mi
2026-10-04T19:23:03+05:30,web-748fdd5fb9-46kpp,277m,109Mi
2026-10-04T19:23:03+05:30,worker-b4bf677dd-5hzfd,28m,173Mi
2026-10-04T19:23:03+05:30,worker-b4bf677dd-8dwwj,30m,172Mi
2026-10-04T19:23:03+05:30,worker-b4bf677dd-djmjs,29m,171Mi
2026-10-04T19:23:03+05:30,worker-b4bf677dd-l4b7s,26m,172Mi
2026-10-04T19:23:03+05:30,worker-b4bf677dd-p2s6t,26m,170Mi
2026-10-04T19:23:03+05:30,worker-b4bf677dd-qts4d,29m,170Mi
2026-10-04T19:23:03+05:30,worker-b4bf677dd-rdsfz,27m,172Mi
2026-10-04T19:23:03+05:30,worker-b4bf677dd-rfs6s,25m,168Mi
2026-10-04T19:23:22+05:30,locust-workers8-b9pf4,56m,1Mi
2026-10-04T19:23:22+05:30,monitor,2m,50Mi
2026-10-04T19:23:22+05:30,postgres-cf9fdbc59-tfwlk,396m,51Mi
2026-10-04T19:23:22+05:30,redis-74f4fb978c-2sb5t,12m,5Mi
2026-10-04T19:23:22+05:30,web-748fdd5fb9-46kpp,90m,100Mi
2026-10-04T19:23:22+05:30,worker-b4bf677dd-5hzfd,14m,173Mi
2026-10-04T19:23:22+05:30,worker-b4bf677dd-8dwwj,8m,172Mi
2026-10-04T19:23:22+05:30,worker-b4bf677dd-djmjs,16m,171Mi
2026-10-04T19:23:22+05:30,worker-b4bf677dd-l4b7s,19m,172Mi
2026-10-04T19:23:22+05:30,worker-b4bf677dd-p2s6t,8m,170Mi
2026-10-04T19:23:22+05:30,worker-b4bf677dd-qts4d,19m,170Mi
2026-10-04T19:23:22+05:30,worker-b4bf677dd-rdsfz,15m,172Mi
2026-10-04T19:23:22+05:30,worker-b4bf677dd-rfs6s,12m,172Mi
2026-10-04T19:23:41+05:30,locust-workers8-b9pf4,0m,1Mi
2026-10-04T19:23:41+05:30,monitor,2m,50Mi
2026-10-04T19:23:41+05:30,postgres-cf9fdbc59-tfwlk,25m,47Mi
2026-10-04T19:23:41+05:30,redis-74f4fb978c-2sb5t,7m,4Mi
2026-10-04T19:23:41+05:30,web-748fdd5fb9-46kpp,15m,100Mi
2026-10-04T19:23:41+05:30,worker-b4bf677dd-5hzfd,7m,173Mi
2026-10-04T19:23:41+05:30,worker-b4bf677dd-8dwwj,7m,172Mi
2026-10-04T19:23:41+05:30,worker-b4bf677dd-djmjs,6m,171Mi
2026-10-04T19:23:41+05:30,worker-b4bf677dd-l4b7s,6m,172Mi
2026-10-04T19:23:41+05:30,worker-b4bf677dd-p2s6t,5m,170Mi
2026-10-04T19:23:41+05:30,worker-b4bf677dd-qts4d,7m,170Mi
2026-10-04T19:23:41+05:30,worker-b4bf677dd-rdsfz,7m,172Mi
2026-10-04T19:23:41+05:30,worker-b4bf677dd-rfs6s,12m,172Mi
2026-10-04T19:23:59+05:30,locust-workers8-b9pf4,0m,1Mi
2026-10-04T19:23:59+05:30,monitor,2m,50Mi
2026-10-04T19:23:59+05:30,postgres-cf9fdbc59-tfwlk,21m,43Mi
2026-10-04T19:23:59+05:30,redis-74f4fb978c-2sb5t,7m,4Mi
2026-10-04T19:23:59+05:30,web-748fdd5fb9-46kpp,17m,99Mi
2026-10-04T19:23:59+05:30,worker-b4bf677dd-5hzfd,5m,173Mi
2026-10-04T19:23:59+05:30,worker-b4bf677dd-8dwwj,5m,172Mi
2026-10-04T19:23:59+05:30,worker-b4bf677dd-djmjs,6m,171Mi
2026-10-04T19:23:59+05:30,worker-b4bf677dd-l4b7s,4m,172Mi
2026-10-04T19:23:59+05:30,worker-b4bf677dd-p2s6t,5m,170Mi
2026-10-04T19:23:59+05:30,worker-b4bf677dd-qts4d,5m,170Mi
2026-10-04T19:23:59+05:30,worker-b4bf677dd-rdsfz,5m,172Mi
2026-10-04T19:23:59+05:30,worker-b4bf677dd-rfs6s,4m,172Mi
2026-10-04T19:24:18+05:30,locust-workers8-b9pf4,0m,1Mi
2026-10-04T19:24:18+05:30,monitor,2m,50Mi
2026-10-04T19:24:18+05:30,postgres-cf9fdbc59-tfwlk,18m,45Mi
2026-10-04T19:24:18+05:30,redis-74f4fb978c-2sb5t,7m,4Mi
2026-10-04T19:24:18+05:30,web-748fdd5fb9-46kpp,18m,99Mi
2026-10-04T19:24:18+05:30,worker-b4bf677dd-5hzfd,5m,173Mi
2026-10-04T19:24:18+05:30,worker-b4bf677dd-8dwwj,4m,172Mi
2026-10-04T19:24:18+05:30,worker-b4bf677dd-djmjs,6m,171Mi
2026-10-04T19:24:18+05:30,worker-b4bf677dd-l4b7s,7m,172Mi
2026-10-04T19:24:18+05:30,worker-b4bf677dd-p2s6t,4m,170Mi
2026-10-04T19:24:18+05:30,worker-b4bf677dd-qts4d,4m,170Mi
2026-10-04T19:24:18+05:30,worker-b4bf677dd-rdsfz,4m,172Mi
2026-10-04T19:24:18+05:30,worker-b4bf677dd-rfs6s,4m,172Mi
2026-10-04T19:24:36+05:30,locust-workers8-b9pf4,0m,1Mi
2026-10-04T19:24:36+05:30,monitor,2m,50Mi
2026-10-04T19:24:36+05:30,postgres-cf9fdbc59-tfwlk,18m,43Mi
2026-10-04T19:24:36+05:30,redis-74f4fb978c-2sb5t,7m,4Mi
2026-10-04T19:24:36+05:30,web-748fdd5fb9-46kpp,16m,99Mi
2026-10-04T19:24:36+05:30,worker-b4bf677dd-5hzfd,4m,173Mi
2026-10-04T19:24:36+05:30,worker-b4bf677dd-8dwwj,4m,172Mi
2026-10-04T19:24:36+05:30,worker-b4bf677dd-djmjs,5m,171Mi
2026-10-04T19:24:36+05:30,worker-b4bf677dd-l4b7s,4m,172Mi
2026-10-04T19:24:36+05:30,worker-b4bf677dd-p2s6t,5m,170Mi
2026-10-04T19:24:36+05:30,worker-b4bf677dd-qts4d,4m,170Mi
2026-10-04T19:24:36+05:30,worker-b4bf677dd-rdsfz,4m,172Mi
2026-10-04T19:24:36+05:30,worker-b4bf677dd-rfs6s,4m,172Mi
2026-10-04T19:24:54+05:30,locust-workers8-b9pf4,0m,1Mi
2026-10-04T19:24:54+05:30,monitor,2m,50Mi
2026-10-04T19:24:54+05:30,postgres-cf9fdbc59-tfwlk,19m,43Mi
2026-10-04T19:24:54+05:30,redis-74f4fb978c-2sb5t,7m,5Mi
2026-10-04T19:24:54+05:30,web-748fdd5fb9-46kpp,16m,99Mi
2026-10-04T19:24:54+05:30,worker-b4bf677dd-5hzfd,4m,173Mi
2026-10-04T19:24:54+05:30,worker-b4bf677dd-8dwwj,4m,172Mi
2026-10-04T19:24:54+05:30,worker-b4bf677dd-djmjs,5m,171Mi
2026-10-04T19:24:54+05:30,worker-b4bf677dd-l4b7s,4m,172Mi
2026-10-04T19:24:54+05:30,worker-b4bf677dd-p2s6t,4m,170Mi
2026-10-04T19:24:54+05:30,worker-b4bf677dd-qts4d,4m,170Mi
2026-10-04T19:24:54+05:30,worker-b4bf677dd-rdsfz,4m,172Mi
2026-10-04T19:24:54+05:30,worker-b4bf677dd-rfs6s,5m,172Mi
2026-10-04T19:25:12+05:30,locust-workers8-b9pf4,0m,1Mi
2026-10-04T19:25:12+05:30,monitor,2m,50Mi
2026-10-04T19:25:12+05:30,postgres-cf9fdbc59-tfwlk,18m,44Mi
2026-10-04T19:25:12+05:30,redis-74f4fb978c-2sb5t,7m,4Mi
2026-10-04T19:25:12+05:30,web-748fdd5fb9-46kpp,17m,99Mi
2026-10-04T19:25:12+05:30,worker-b4bf677dd-5hzfd,4m,173Mi
2026-10-04T19:25:12+05:30,worker-b4bf677dd-8dwwj,4m,172Mi
2026-10-04T19:25:12+05:30,worker-b4bf677dd-djmjs,4m,171Mi
2026-10-04T19:25:12+05:30,worker-b4bf677dd-l4b7s,4m,172Mi
2026-10-04T19:25:12+05:30,worker-b4bf677dd-p2s6t,5m,170Mi
2026-10-04T19:25:12+05:30,worker-b4bf677dd-qts4d,5m,170Mi
2026-10-04T19:25:12+05:30,worker-b4bf677dd-rdsfz,4m,172Mi
2026-10-04T19:25:12+05:30,worker-b4bf677dd-rfs6s,4m,172Mi
2026-10-04T19:25:32+05:30,locust-workers8-b9pf4,0m,1Mi
2026-10-04T19:25:32+05:30,monitor,2m,50Mi
2026-10-04T19:25:32+05:30,postgres-cf9fdbc59-tfwlk,20m,45Mi
2026-10-04T19:25:32+05:30,redis-74f4fb978c-2sb5t,7m,4Mi
2026-10-04T19:25:32+05:30,web-748fdd5fb9-46kpp,16m,99Mi
2026-10-04T19:25:32+05:30,worker-b4bf677dd-5hzfd,4m,173Mi
2026-10-04T19:25:32+05:30,worker-b4bf677dd-8dwwj,5m,172Mi
2026-10-04T19:25:32+05:30,worker-b4bf677dd-djmjs,4m,171Mi
2026-10-04T19:25:32+05:30,worker-b4bf677dd-l4b7s,5m,172Mi
2026-10-04T19:25:32+05:30,worker-b4bf677dd-p2s6t,4m,170Mi
2026-10-04T19:25:32+05:30,worker-b4bf677dd-qts4d,4m,170Mi
2026-10-04T19:25:32+05:30,worker-b4bf677dd-rdsfz,4m,172Mi
2026-10-04T19:25:32+05:30,worker-b4bf677dd-rfs6s,4m,172Mi
