timestamp,total_connections,pct_of_max,active,idle,waiting,idle_in_transaction,longest_active_query_secs,longest_transaction_secs,locks_waiting,deadlocks_cumulative,temp_files_cumulative,temp_bytes_cumulative
2026-10-04 17:33:32,2,2.0,1,1,1,0,0.0,0.0,0,0,0,0
2026-10-04 17:33:33,2,2.0,1,1,1,0,0.0,0.0,0,0,0,0
2026-10-04 17:33:34,2,2.0,1,1,1,0,0.0,0.0,0,0,0,0
2026-10-04 17:33:35,2,2.0,1,1,1,0,0.0,0.0,0,0,0,0
2026-10-04 17:33:36,2,2.0,1,1,1,0,0.0,0.0,0,0,0,0
2026-10-04 17:33:37,2,2.0,1,1,1,0,0.0,0.0,0,0,0,0
2026-10-04 17:33:38,2,2.0,1,1,1,0,0.0,0.0,0,0,0,0
2026-10-04 17:33:39,2,2.0,1,1,1,0,0.0,0.0,0,0,0,0
2026-10-04 17:33:40,2,2.0,1,1,1,0,0.0,0.0,0,0,0,0
2026-10-04 17:33:41,2,2.0,1,1,1,0,0.0,0.0,0,0,0,0
2026-10-04 17:33:42,2,2.0,1,1,1,0,0.0,0.0,0,0,0,0
2026-10-04 17:33:43,2,2.0,1,1,1,0,0.0,0.0,0,0,0,0
2026-10-04 17:33:44,2,2.0,1,1,1,0,0.0,0.0,0,0,0,0
2026-10-04 17:33:45,2,2.0,1,1,1,0,0.0,0.0,0,0,0,0
2026-10-04 17:33:46,2,2.0,1,1,1,0,0.0,0.0,0,0,0,0
2026-10-04 17:33:47,3,3.0,1,2,2,0,0.0,0.0,0,0,0,0
2026-10-04 17:33:48,3,3.0,1,2,2,0,0.0,0.0,0,0,0,0
2026-10-04 17:33:49,3,3.0,1,2,2,0,0.0,0.0,0,0,0,0
2026-10-04 17:33:50,3,3.0,1,2,2,0,0.0,0.0,0,0,0,0
2026-10-04 17:33:51,2,2.0,1,1,1,0,0.0,0.0,0,0,0,0
2026-10-04 17:33:52,2,2.0,1,1,1,0,0.0,0.0,0,0,0,0
2026-10-04 17:33:53,2,2.0,1,1,1,0,0.0,0.0,0,0,0,0
2026-10-04 17:33:54,3,3.0,1,2,2,0,0.0,0.0,0,0,0,0
2026-10-04 17:33:55,4,4.0,1,3,3,0,0.0,0.0,0,0,0,0
2026-10-04 17:33:56,2,2.0,1,1,1,0,0.0,0.0,0,0,0,0
2026-10-04 17:33:57,3,3.0,1,2,2,0,0.0,0.0,0,0,0,0
2026-10-04 17:33:58,2,2.0,1,1,1,0,0.0,0.0,0,0,0,0
2026-10-04 17:33:59,3,3.0,1,2,2,0,0.0,0.0,0,0,0,0
2026-10-04 17:34:00,2,2.0,1,1,1,0,0.0,0.0,0,0,0,0
2026-10-04 17:34:01,3,3.0,1,2,2,0,0.0,0.0,0,0,0,0
2026-10-04 17:34:02,3,3.0,1,2,2,0,0.0,0.0,0,0,0,0
2026-10-04 17:34:03,5,5.0,1,4,4,0,0.0,0.0,0,0,0,0
2026-10-04 17:34:04,2,2.0,1,1,1,0,0.0,0.0,0,0,0,0
2026-10-04 17:34:05,3,3.0,1,2,2,0,0.0,0.0,0,0,0,0
2026-10-04 17:34:06,4,4.0,1,3,3,0,0.0,0.0,0,0,0,0
2026-10-04 17:34:07,3,3.0,1,2,2,0,0.0,0.0,0,0,0,0
2026-10-04 17:34:08,3,3.0,1,2,2,0,0.0,0.0,0,0,0,0
2026-10-04 17:34:09,3,3.0,1,2,2,0,0.0,0.0,0,0,0,0
2026-10-04 17:34:10,3,3.0,1,2,2,0,0.0,0.0,0,0,0,0
2026-10-04 17:34:11,3,3.0,1,2,2,0,0.0,0.0,0,0,0,0
2026-10-04 17:34:12,3,3.0,1,2,2,0,0.0,0.0,0,0,0,0
2026-10-04 17:34:13,3,3.0,1,2,2,0,0.0,0.0,0,0,0,0
2026-10-04 17:34:14,4,4.0,1,3,3,0,0.0,0.0,0,0,0,0
2026-10-04 17:34:15,3,3.0,1,2,2,0,0.0,0.0,0,0,0,0
2026-10-04 17:34:16,2,2.0,1,1,1,0,0.0,0.0,0,0,0,0
2026-10-04 17:34:17,4,4.0,1,3,3,0,0.0,0.0,0,0,0,0
2026-10-04 17:34:18,4,4.0,1,3,3,0,0.0,0.0,0,0,0,0
2026-10-04 17:34:19,4,4.0,1,3,3,0,0.0,0.0,0,0,0,0
2026-10-04 17:34:20,4,4.0,1,3,3,0,0.0,0.0,0,0,0,0
2026-10-04 17:34:21,2,2.0,1,1,1,0,0.0,0.0,0,0,0,0
2026-10-04 17:34:22,2,2.0,1,1,1,0,0.0,0.0,0,0,0,0
2026-10-04 17:34:23,2,2.0,1,1,1,0,0.0,0.0,0,0,0,0
2026-10-04 17:34:24,4,4.0,1,3,3,0,0.0,0.0,0,0,0,0
2026-10-04 17:34:25,3,3.0,1,2,2,0,0.0,0.0,0,0,0,0
2026-10-04 17:34:27,4,4.0,1,3,3,0,0.0,0.0,0,0,0,0
2026-10-04 17:34:28,4,4.0,1,3,3,0,0.0,0.0,0,0,0,0
2026-10-04 17:34:29,4,4.0,1,3,3,0,0.0,0.0,0,0,0,0
2026-10-04 17:34:30,4,4.0,1,3,3,0,0.0,0.0,0,0,0,0
2026-10-04 17:34:31,4,4.0,1,3,3,0,0.0,0.0,0,0,0,0
2026-10-04 17:34:32,4,4.0,1,3,3,0,0.0,0.0,0,0,0,0
2026-10-04 17:34:33,4,4.0,1,3,3,0,0.0,0.0,0,0,0,0
2026-10-04 17:34:34,5,5.0,1,4,4,0,0.0,0.0,0,0,0,0
2026-10-04 17:34:35,3,3.0,1,2,2,0,0.0,0.0,0,0,0,0
2026-10-04 17:34:36,2,2.0,1,1,1,0,0.0,0.0,0,0,0,0
2026-10-04 17:34:37,4,4.0,1,3,3,0,0.0,0.0,0,0,0,0
2026-10-04 17:34:38,3,3.0,1,2,2,0,0.0,0.0,0,0,0,0
2026-10-04 17:34:39,2,2.0,1,1,1,0,0.0,0.0,0,0,0,0
2026-10-04 17:34:40,3,3.0,1,2,2,0,0.0,0.0,0,0,0,0
2026-10-04 17:34:41,3,3.0,1,2,2,0,0.0,0.0,0,0,0,0
2026-10-04 17:34:42,4,4.0,1,3,3,0,0.0,0.0,0,0,0,0
2026-10-04 17:34:43,3,3.0,1,2,2,0,0.0,0.0,0,0,0,0
2026-10-04 17:34:44,3,3.0,1,2,2,0,0.0,0.0,0,0,0,0
2026-10-04 17:34:45,4,4.0,1,3,3,0,0.0,0.0,0,0,0,0
2026-10-04 17:34:46,3,3.0,1,2,2,0,0.0,0.0,0,0,0,0
2026-10-04 17:34:47,4,4.0,1,3,3,0,0.0,0.0,0,0,0,0
2026-10-04 17:34:48,3,3.0,1,2,2,0,0.0,0.0,0,0,0,0
2026-10-04 17:34:49,4,4.0,1,3,3,0,0.0,0.0,0,0,0,0
2026-10-04 17:34:50,2,2.0,1,1,1,0,0.0,0.0,0,0,0,0
2026-10-04 17:34:51,4,4.0,1,3,3,0,0.0,0.0,0,0,0,0
2026-10-04 17:34:52,5,5.0,1,4,4,0,0.0,0.0,0,0,0,0
2026-10-04 17:34:53,2,2.0,1,1,1,0,0.0,0.0,0,0,0,0
2026-10-04 17:34:54,4,4.0,1,3,3,0,0.0,0.0,0,0,0,0
2026-10-04 17:34:55,4,4.0,1,3,3,0,0.0,0.0,0,0,0,0
2026-10-04 17:34:56,3,3.0,1,2,2,0,0.0,0.0,0,0,0,0
2026-10-04 17:34:57,3,3.0,1,2,2,0,0.0,0.0,0,0,0,0
2026-10-04 17:34:58,4,4.0,1,3,3,0,0.0,0.0,0,0,0,0
2026-10-04 17:34:59,4,4.0,1,3,3,0,0.0,0.0,0,0,0,0
2026-10-04 17:35:00,4,4.0,1,3,3,0,0.0,0.0,0,0,0,0
2026-10-04 17:35:01,3,3.0,1,2,2,0,0.0,0.0,0,0,0,0
2026-10-04 17:35:02,5,5.0,1,4,4,0,0.0,0.0,0,0,0,0
2026-10-04 17:35:03,4,4.0,1,3,3,0,0.0,0.0,0,0,0,0
2026-10-04 17:35:04,6,6.0,1,5,5,0,0.0,0.0,0,0,0,0
2026-10-04 17:35:05,5,5.0,1,4,4,0,0.0,0.0,0,0,0,0
2026-10-04 17:35:06,5,5.0,1,4,4,0,0.0,0.0,0,0,0,0
2026-10-04 17:35:07,5,5.0,1,4,4,0,0.0,0.0,0,0,0,0
2026-10-04 17:35:08,3,3.0,1,2,2,0,0.0,0.0,0,0,0,0
2026-10-04 17:35:09,3,3.0,1,2,2,0,0.0,0.0,0,0,0,0
2026-10-04 17:35:10,3,3.0,1,2,2,0,0.0,0.0,0,0,0,0
2026-10-04 17:35:11,3,3.0,1,2,2,0,0.0,0.0,0,0,0,0
2026-10-04 17:35:12,4,4.0,1,3,3,0,0.0,0.0,0,0,0,0
2026-10-04 17:35:13,3,3.0,1,2,2,0,0.0,0.0,0,0,0,0
2026-10-04 17:35:14,3,3.0,1,2,2,0,0.0,0.0,0,0,0,0
2026-10-04 17:35:15,2,2.0,1,1,1,0,0.0,0.0,0,0,0,0
2026-10-04 17:35:16,3,3.0,1,2,2,0,0.0,0.0,0,0,0,0
2026-10-04 17:35:17,2,2.0,1,1,1,0,0.0,0.0,0,0,0,0
2026-10-04 17:35:18,3,3.0,1,2,2,0,0.0,0.0,0,0,0,0
2026-10-04 17:35:19,3,3.0,1,2,2,0,0.0,0.0,0,0,0,0
2026-10-04 17:35:20,3,3.0,1,2,2,0,0.0,0.0,0,0,0,0
2026-10-04 17:35:21,4,4.0,1,3,3,0,0.0,0.0,0,0,0,0
2026-10-04 17:35:23,3,3.0,1,2,2,0,0.0,0.0,0,0,0,0
2026-10-04 17:35:24,3,3.0,1,2,2,0,0.0,0.0,0,0,0,0
2026-10-04 17:35:25,4,4.0,1,3,3,0,0.0,0.0,0,0,0,0
2026-10-04 17:35:26,4,4.0,1,3,3,0,0.0,0.0,0,0,0,0
2026-10-04 17:35:27,3,3.0,1,2,2,0,0.0,0.0,0,0,0,0
2026-10-04 17:35:28,5,5.0,1,4,4,0,0.0,0.0,0,0,0,0
2026-10-04 17:35:29,3,3.0,1,2,2,0,0.0,0.0,0,0,0,0
2026-10-04 17:35:30,3,3.0,1,2,2,0,0.0,0.0,0,0,0,0
2026-10-04 17:35:31,3,3.0,1,2,2,0,0.0,0.0,0,0,0,0
2026-10-04 17:35:32,3,3.0,1,2,2,0,0.0,0.0,0,0,0,0
2026-10-04 17:35:33,4,4.0,1,3,3,0,0.0,0.0,0,0,0,0
2026-10-04 17:35:34,5,5.0,1,4,4,0,0.0,0.0,0,0,0,0
2026-10-04 17:35:35,4,4.0,1,3,3,0,0.0,0.0,0,0,0,0
2026-10-04 17:35:36,3,3.0,1,2,2,0,0.0,0.0,0,0,0,0
2026-10-04 17:35:37,4,4.0,1,3,3,0,0.0,0.0,0,0,0,0
2026-10-04 17:35:38,3,3.0,1,2,2,0,0.0,0.0,0,0,0,0
2026-10-04 17:35:39,2,2.0,1,1,1,0,0.0,0.0,0,0,0,0
2026-10-04 17:35:40,2,2.0,1,1,1,0,0.0,0.0,0,0,0,0
2026-10-04 17:35:41,3,3.0,1,2,2,0,0.0,0.0,0,0,0,0
2026-10-04 17:35:42,3,3.0,1,2,2,0,0.0,0.0,0,0,0,0
2026-10-04 17:35:43,3,3.0,1,2,2,0,0.0,0.0,0,0,0,0
2026-10-04 17:35:44,2,2.0,1,1,1,0,0.0,0.0,0,0,0,0
2026-10-04 17:35:45,2,2.0,1,1,1,0,0.0,0.0,0,0,0,0
2026-10-04 17:35:46,2,2.0,1,1,1,0,0.0,0.0,0,0,0,0
2026-10-04 17:35:47,2,2.0,1,1,1,0,0.0,0.0,0,0,0,0
2026-10-04 17:35:48,2,2.0,1,1,1,0,0.0,0.0,0,0,0,0
2026-10-04 17:35:49,2,2.0,1,1,1,0,0.0,0.0,0,0,0,0
