timestamp,method,name,response_time_ms,status,error
2026-10-04T17:33:44.416236+05:30,GET,GET /health/,33.69,ok,
2026-10-04T17:33:46.410865+05:30,GET,GET /jobs/stats/,25.35,ok,
2026-10-04T17:33:46.446165+05:30,POST,POST /jobs/,29.98,ok,
2026-10-04T17:33:47.410149+05:30,GET,GET /health/,24.16,ok,
2026-10-04T17:33:48.196762+05:30,GET,GET /jobs/stats/,20.13,ok,
2026-10-04T17:33:48.419558+05:30,POST,POST /jobs/,32.46,ok,
2026-10-04T17:33:48.625957+05:30,GET,GET /health/,21.79,ok,
2026-10-04T17:33:50.122725+05:30,POST,POST /jobs/,29.27,ok,
2026-10-04T17:33:50.725117+05:30,GET,GET /jobs/{id}/,20.36,ok,
2026-10-04T17:33:50.943997+05:30,GET,GET /jobs/{id}/,20.4,ok,
2026-10-04T17:33:51.178336+05:30,GET,GET /jobs/stats/,19.88,ok,
2026-10-04T17:33:52.606055+05:30,GET,GET /health/,19.67,ok,
2026-10-04T17:33:54.196665+05:30,GET,GET /jobs/stats/,22.09,ok,
2026-10-04T17:33:54.295393+05:30,POST,POST /jobs/,22.38,ok,
2026-10-04T17:33:54.446150+05:30,GET,GET /jobs/{id}/,19.84,ok,
2026-10-04T17:33:55.086884+05:30,POST,POST /jobs/,29.69,ok,
2026-10-04T17:33:55.696018+05:30,GET,GET /health/,19.14,ok,
2026-10-04T17:33:56.710028+05:30,POST,POST /jobs/,22.61,ok,
2026-10-04T17:33:57.574832+05:30,GET,GET /jobs/{id}/,19.69,ok,
2026-10-04T17:33:58.687755+05:30,GET,GET /jobs/{id}/,19.28,ok,
2026-10-04T17:33:59.026034+05:30,GET,GET /health/,23.73,ok,
2026-10-04T17:33:59.348633+05:30,POST,POST /jobs/,23.21,ok,
2026-10-04T17:34:00.899546+05:30,POST,POST /jobs/,22.15,ok,
2026-10-04T17:34:00.966133+05:30,GET,GET /jobs/stats/,22.29,ok,
2026-10-04T17:34:01.896791+05:30,POST,POST /jobs/,40.69,ok,
2026-10-04T17:34:02.588990+05:30,POST,POST /jobs/,23.26,ok,
2026-10-04T17:34:02.832900+05:30,POST,POST /jobs/,23.25,ok,
2026-10-04T17:34:03.090353+05:30,POST,POST /jobs/,22.95,ok,
2026-10-04T17:34:05.001938+05:30,POST,POST /jobs/,24.78,ok,
2026-10-04T17:34:05.002439+05:30,GET,GET /jobs/{id}/,22.15,ok,
2026-10-04T17:34:05.402185+05:30,GET,GET /jobs/stats/,20.13,ok,
2026-10-04T17:34:06.043123+05:30,GET,GET /health/,20.07,ok,
2026-10-04T17:34:06.586231+05:30,POST,POST /jobs/,30.31,ok,
2026-10-04T17:34:06.800132+05:30,GET,GET /jobs/{id}/,19.43,ok,
2026-10-04T17:34:07.495514+05:30,GET,GET /jobs/{id}/,19.43,ok,
2026-10-04T17:34:08.173323+05:30,POST,POST /jobs/,21.9,ok,
2026-10-04T17:34:08.356431+05:30,GET,GET /jobs/{id}/,19.79,ok,
2026-10-04T17:34:08.393393+05:30,GET,GET /health/,19.62,ok,
2026-10-04T17:34:08.892686+05:30,GET,GET /jobs/{id}/,21.53,ok,
2026-10-04T17:34:09.295992+05:30,GET,GET /jobs/{id}/,19.66,ok,
2026-10-04T17:34:09.533934+05:30,GET,GET /jobs/{id}/,18.98,ok,
2026-10-04T17:34:10.201725+05:30,POST,POST /jobs/,21.91,ok,
2026-10-04T17:34:10.622199+05:30,GET,GET /jobs/{id}/,19.74,ok,
2026-10-04T17:34:10.697113+05:30,GET,GET /jobs/{id}/,19.52,ok,
2026-10-04T17:34:10.862314+05:30,GET,GET /jobs/stats/,19.84,ok,
2026-10-04T17:34:11.152694+05:30,POST,POST /jobs/,22.79,ok,
2026-10-04T17:34:11.317900+05:30,GET,GET /jobs/{id}/,19.66,ok,
2026-10-04T17:34:12.364476+05:30,POST,POST /jobs/,22.14,ok,
2026-10-04T17:34:12.803769+05:30,GET,GET /jobs/{id}/,19.59,ok,
2026-10-04T17:34:12.980674+05:30,GET,GET /jobs/stats/,20.51,ok,
2026-10-04T17:34:13.833862+05:30,POST,POST /jobs/,22.08,ok,
2026-10-04T17:34:13.966767+05:30,GET,GET /jobs/{id}/,19.47,ok,
2026-10-04T17:34:14.283823+05:30,GET,GET /jobs/{id}/,19.47,ok,
2026-10-04T17:34:15.079530+05:30,GET,GET /jobs/{id}/,20.0,ok,
2026-10-04T17:34:15.770310+05:30,GET,GET /jobs/{id}/,19.68,ok,
2026-10-04T17:34:16.322384+05:30,GET,GET /jobs/{id}/,19.28,ok,
2026-10-04T17:34:16.872804+05:30,POST,POST /jobs/,22.6,ok,
2026-10-04T17:34:17.389852+05:30,POST,POST /jobs/,23.18,ok,
2026-10-04T17:34:17.445950+05:30,POST,POST /jobs/,21.76,ok,
2026-10-04T17:34:17.617292+05:30,GET,GET /health/,19.96,ok,
2026-10-04T17:34:17.977650+05:30,GET,GET /jobs/{id}/,19.67,ok,
2026-10-04T17:34:18.420199+05:30,GET,GET /jobs/{id}/,19.84,ok,
2026-10-04T17:34:18.892633+05:30,POST,POST /jobs/,27.75,ok,
2026-10-04T17:34:18.894828+05:30,GET,GET /jobs/{id}/,25.95,ok,
2026-10-04T17:34:19.415127+05:30,GET,GET /health/,20.48,ok,
2026-10-04T17:34:19.870445+05:30,GET,GET /jobs/stats/,19.62,ok,
2026-10-04T17:34:20.651157+05:30,GET,GET /jobs/{id}/,19.66,ok,
2026-10-04T17:34:20.682626+05:30,GET,GET /jobs/stats/,20.21,ok,
2026-10-04T17:34:20.769068+05:30,POST,POST /jobs/,22.12,ok,
2026-10-04T17:34:21.839636+05:30,GET,GET /jobs/{id}/,19.24,ok,
2026-10-04T17:34:22.169023+05:30,GET,GET /health/,19.83,ok,
2026-10-04T17:34:22.188777+05:30,GET,GET /jobs/stats/,19.61,ok,
2026-10-04T17:34:22.610023+05:30,GET,GET /jobs/stats/,19.59,ok,
2026-10-04T17:34:23.008019+05:30,POST,POST /jobs/,22.36,ok,
2026-10-04T17:34:23.022773+05:30,POST,POST /jobs/,23.93,ok,
2026-10-04T17:34:23.519300+05:30,GET,GET /jobs/{id}/,20.8,ok,
2026-10-04T17:34:24.194028+05:30,POST,POST /jobs/,22.79,ok,
2026-10-04T17:34:24.623804+05:30,POST,POST /jobs/,22.66,ok,
2026-10-04T17:34:25.571869+05:30,GET,GET /jobs/{id}/,19.86,ok,
2026-10-04T17:34:25.594421+05:30,GET,GET /health/,21.32,ok,
2026-10-04T17:34:25.722378+05:30,GET,GET /jobs/{id}/,19.57,ok,
2026-10-04T17:34:26.911367+05:30,POST,POST /jobs/,23.54,ok,
2026-10-04T17:34:27.088382+05:30,GET,GET /jobs/stats/,20.6,ok,
2026-10-04T17:34:27.184109+05:30,POST,POST /jobs/,22.39,ok,
2026-10-04T17:34:27.563526+05:30,POST,POST /jobs/,22.77,ok,
2026-10-04T17:34:28.407133+05:30,POST,POST /jobs/,22.37,ok,
2026-10-04T17:34:29.831194+05:30,GET,GET /jobs/{id}/,21.94,ok,
2026-10-04T17:34:29.858063+05:30,POST,POST /jobs/,22.52,ok,
2026-10-04T17:34:29.895639+05:30,POST,POST /jobs/,23.28,ok,
2026-10-04T17:34:30.404214+05:30,POST,POST /jobs/,22.82,ok,
2026-10-04T17:34:30.837911+05:30,GET,GET /health/,19.99,ok,
2026-10-04T17:34:30.887100+05:30,GET,GET /health/,21.91,ok,
2026-10-04T17:34:31.019804+05:30,GET,GET /health/,23.36,ok,
2026-10-04T17:34:31.248182+05:30,GET,GET /jobs/{id}/,19.88,ok,
2026-10-04T17:34:31.769414+05:30,POST,POST /jobs/,22.76,ok,
2026-10-04T17:34:32.031177+05:30,GET,GET /jobs/{id}/,21.19,ok,
2026-10-04T17:34:32.598567+05:30,GET,GET /jobs/{id}/,19.54,ok,
2026-10-04T17:34:32.832009+05:30,POST,POST /jobs/,22.98,ok,
2026-10-04T17:34:33.429691+05:30,POST,POST /jobs/,23.73,ok,
2026-10-04T17:34:33.750193+05:30,GET,GET /jobs/{id}/,19.8,ok,
2026-10-04T17:34:33.934079+05:30,GET,GET /jobs/{id}/,19.43,ok,
2026-10-04T17:34:34.141277+05:30,GET,GET /jobs/{id}/,19.71,ok,
2026-10-04T17:34:34.521538+05:30,GET,GET /jobs/stats/,20.12,ok,
2026-10-04T17:34:35.223640+05:30,GET,GET /jobs/{id}/,20.15,ok,
2026-10-04T17:34:35.791161+05:30,GET,GET /health/,19.71,ok,
2026-10-04T17:34:36.199960+05:30,POST,POST /jobs/,25.15,ok,
2026-10-04T17:34:36.504223+05:30,GET,GET /jobs/{id}/,19.59,ok,
2026-10-04T17:34:36.928288+05:30,POST,POST /jobs/,22.3,ok,
2026-10-04T17:34:37.166439+05:30,GET,GET /jobs/{id}/,48.72,ok,
2026-10-04T17:34:37.952521+05:30,POST,POST /jobs/,22.01,ok,
2026-10-04T17:34:38.186656+05:30,GET,GET /jobs/{id}/,19.51,ok,
2026-10-04T17:34:38.889300+05:30,GET,GET /jobs/{id}/,19.67,ok,
2026-10-04T17:34:39.473886+05:30,POST,POST /jobs/,22.3,ok,
2026-10-04T17:34:39.729159+05:30,GET,GET /jobs/{id}/,19.99,ok,
2026-10-04T17:34:39.849360+05:30,GET,GET /jobs/stats/,20.86,ok,
2026-10-04T17:34:40.665223+05:30,GET,GET /jobs/{id}/,19.59,ok,
2026-10-04T17:34:41.227856+05:30,POST,POST /jobs/,22.8,ok,
2026-10-04T17:34:41.648653+05:30,POST,POST /jobs/,23.11,ok,
2026-10-04T17:34:42.292854+05:30,POST,POST /jobs/,22.33,ok,
2026-10-04T17:34:42.474449+05:30,GET,GET /health/,20.19,ok,
2026-10-04T17:34:43.180171+05:30,GET,GET /jobs/{id}/,19.76,ok,
2026-10-04T17:34:43.533668+05:30,GET,GET /jobs/{id}/,19.87,ok,
2026-10-04T17:34:43.743609+05:30,GET,GET /jobs/{id}/,19.49,ok,
2026-10-04T17:34:43.822750+05:30,POST,POST /jobs/,22.81,ok,
2026-10-04T17:34:44.759803+05:30,POST,POST /jobs/,22.4,ok,
2026-10-04T17:34:44.922466+05:30,POST,POST /jobs/,22.24,ok,
2026-10-04T17:34:45.339873+05:30,GET,GET /jobs/{id}/,19.72,ok,
2026-10-04T17:34:45.742376+05:30,GET,GET /jobs/{id}/,19.83,ok,
2026-10-04T17:34:46.292775+05:30,GET,GET /jobs/stats/,20.65,ok,
2026-10-04T17:34:47.028600+05:30,POST,POST /jobs/,21.95,ok,
2026-10-04T17:34:47.681195+05:30,GET,GET /jobs/{id}/,19.69,ok,
2026-10-04T17:34:48.286007+05:30,POST,POST /jobs/,23.9,ok,
2026-10-04T17:34:48.346419+05:30,GET,GET /jobs/stats/,20.15,ok,
2026-10-04T17:34:48.695786+05:30,GET,GET /jobs/{id}/,19.74,ok,
2026-10-04T17:34:48.979853+05:30,GET,GET /jobs/{id}/,19.54,ok,
2026-10-04T17:34:49.053578+05:30,POST,POST /jobs/,22.4,ok,
2026-10-04T17:34:50.517986+05:30,GET,GET /jobs/stats/,20.32,ok,
2026-10-04T17:34:50.686228+05:30,POST,POST /jobs/,21.82,ok,
2026-10-04T17:34:50.749844+05:30,GET,GET /jobs/stats/,20.23,ok,
2026-10-04T17:34:50.856943+05:30,POST,POST /jobs/,21.77,ok,
2026-10-04T17:34:51.041358+05:30,GET,GET /jobs/{id}/,19.97,ok,
2026-10-04T17:34:51.829684+05:30,GET,GET /health/,20.28,ok,
2026-10-04T17:34:52.343541+05:30,POST,POST /jobs/,22.95,ok,
2026-10-04T17:34:52.837337+05:30,GET,GET /jobs/{id}/,20.02,ok,
2026-10-04T17:34:53.098378+05:30,GET,GET /jobs/stats/,20.47,ok,
2026-10-04T17:34:53.409610+05:30,GET,GET /jobs/{id}/,19.61,ok,
2026-10-04T17:34:54.042854+05:30,POST,POST /jobs/,22.36,ok,
2026-10-04T17:34:54.304085+05:30,POST,POST /jobs/,22.69,ok,
2026-10-04T17:34:55.200834+05:30,GET,GET /jobs/{id}/,20.17,ok,
2026-10-04T17:34:55.277509+05:30,GET,GET /jobs/stats/,20.38,ok,
2026-10-04T17:34:55.368406+05:30,GET,GET /jobs/{id}/,19.58,ok,
2026-10-04T17:34:55.560846+05:30,POST,POST /jobs/,22.96,ok,
2026-10-04T17:34:56.605581+05:30,GET,GET /jobs/{id}/,19.43,ok,
2026-10-04T17:34:57.033845+05:30,GET,GET /jobs/{id}/,20.51,ok,
2026-10-04T17:34:57.359822+05:30,POST,POST /jobs/,22.41,ok,
2026-10-04T17:34:58.159839+05:30,GET,GET /health/,19.98,ok,
2026-10-04T17:34:58.239281+05:30,GET,GET /jobs/stats/,20.13,ok,
2026-10-04T17:34:58.299139+05:30,POST,POST /jobs/,23.49,ok,
2026-10-04T17:34:58.490249+05:30,GET,GET /jobs/stats/,20.7,ok,
2026-10-04T17:34:59.433637+05:30,POST,POST /jobs/,21.72,ok,
2026-10-04T17:34:59.713304+05:30,GET,GET /jobs/{id}/,20.13,ok,
2026-10-04T17:34:59.824145+05:30,GET,GET /jobs/{id}/,20.44,ok,
2026-10-04T17:35:00.301878+05:30,POST,POST /jobs/,26.84,ok,
2026-10-04T17:35:00.762704+05:30,POST,POST /jobs/,23.1,ok,
2026-10-04T17:35:00.960845+05:30,GET,GET /jobs/{id}/,23.72,ok,
2026-10-04T17:35:01.906377+05:30,GET,GET /jobs/{id}/,44.97,ok,
2026-10-04T17:35:02.000882+05:30,POST,POST /jobs/,73.76,ok,
2026-10-04T17:35:02.242526+05:30,GET,GET /jobs/{id}/,40.98,ok,
2026-10-04T17:35:02.442031+05:30,GET,GET /jobs/{id}/,31.98,ok,
2026-10-04T17:35:03.528098+05:30,GET,GET /jobs/{id}/,21.72,ok,
2026-10-04T17:35:03.992748+05:30,POST,POST /jobs/,22.8,ok,
2026-10-04T17:35:04.098124+05:30,POST,POST /jobs/,23.01,ok,
2026-10-04T17:35:04.352009+05:30,GET,GET /health/,21.41,ok,
2026-10-04T17:35:04.729539+05:30,GET,GET /health/,20.43,ok,
2026-10-04T17:35:05.685418+05:30,GET,GET /jobs/{id}/,20.67,ok,
2026-10-04T17:35:06.385930+05:30,POST,POST /jobs/,23.55,ok,
2026-10-04T17:35:06.442151+05:30,GET,GET /jobs/{id}/,20.88,ok,
2026-10-04T17:35:06.663249+05:30,GET,GET /jobs/stats/,20.64,ok,
2026-10-04T17:35:07.153918+05:30,POST,POST /jobs/,22.94,ok,
2026-10-04T17:35:07.263494+05:30,GET,GET /jobs/{id}/,20.2,ok,
2026-10-04T17:35:08.621113+05:30,GET,GET /jobs/stats/,21.03,ok,
2026-10-04T17:35:08.826868+05:30,GET,GET /jobs/{id}/,20.23,ok,
2026-10-04T17:35:09.424373+05:30,POST,POST /jobs/,22.65,ok,
2026-10-04T17:35:09.506971+05:30,GET,GET /jobs/stats/,20.29,ok,
2026-10-04T17:35:09.893388+05:30,GET,GET /jobs/stats/,20.78,ok,
2026-10-04T17:35:10.139952+05:30,GET,GET /jobs/stats/,21.97,ok,
2026-10-04T17:35:10.152637+05:30,GET,GET /jobs/stats/,19.7,ok,
2026-10-04T17:35:10.519924+05:30,GET,GET /health/,19.7,ok,
2026-10-04T17:35:10.705192+05:30,GET,GET /jobs/{id}/,19.83,ok,
2026-10-04T17:35:12.094597+05:30,POST,POST /jobs/,22.76,ok,
2026-10-04T17:35:12.135577+05:30,POST,POST /jobs/,22.64,ok,
2026-10-04T17:35:12.149597+05:30,GET,GET /jobs/{id}/,23.56,ok,
2026-10-04T17:35:12.162253+05:30,POST,POST /jobs/,24.36,ok,
2026-10-04T17:35:12.326846+05:30,GET,GET /health/,19.22,ok,
2026-10-04T17:35:13.475177+05:30,GET,GET /jobs/{id}/,19.87,ok,
2026-10-04T17:35:14.017156+05:30,POST,POST /jobs/,23.13,ok,
2026-10-04T17:35:14.341985+05:30,GET,GET /jobs/{id}/,20.23,ok,
2026-10-04T17:35:14.721879+05:30,GET,GET /jobs/{id}/,19.66,ok,
2026-10-04T17:35:14.840820+05:30,GET,GET /jobs/{id}/,20.59,ok,
2026-10-04T17:35:14.993938+05:30,GET,GET /jobs/{id}/,19.71,ok,
2026-10-04T17:35:15.819242+05:30,GET,GET /jobs/{id}/,19.24,ok,
2026-10-04T17:35:15.942257+05:30,GET,GET /jobs/{id}/,20.53,ok,
2026-10-04T17:35:16.430047+05:30,POST,POST /jobs/,23.99,ok,
2026-10-04T17:35:16.901319+05:30,GET,GET /jobs/{id}/,20.53,ok,
2026-10-04T17:35:17.374255+05:30,GET,GET /jobs/{id}/,20.2,ok,
2026-10-04T17:35:18.072295+05:30,GET,GET /jobs/{id}/,20.07,ok,
2026-10-04T17:35:18.180366+05:30,GET,GET /jobs/stats/,20.75,ok,
2026-10-04T17:35:18.326384+05:30,GET,GET /jobs/{id}/,19.58,ok,
2026-10-04T17:35:18.793584+05:30,POST,POST /jobs/,22.46,ok,
2026-10-04T17:35:19.704465+05:30,POST,POST /jobs/,22.25,ok,
2026-10-04T17:35:20.239760+05:30,GET,GET /jobs/{id}/,19.51,ok,
2026-10-04T17:35:20.287932+05:30,GET,GET /jobs/{id}/,20.85,ok,
2026-10-04T17:35:20.652261+05:30,GET,GET /health/,19.74,ok,
2026-10-04T17:35:21.342334+05:30,GET,GET /jobs/{id}/,20.08,ok,
2026-10-04T17:35:21.755085+05:30,GET,GET /jobs/stats/,20.03,ok,
2026-10-04T17:35:21.919118+05:30,GET,GET /jobs/{id}/,19.61,ok,
2026-10-04T17:35:22.342839+05:30,GET,GET /jobs/{id}/,19.87,ok,
2026-10-04T17:35:23.273953+05:30,GET,GET /health/,23.95,ok,
2026-10-04T17:35:23.444539+05:30,POST,POST /jobs/,22.15,ok,
2026-10-04T17:35:23.637892+05:30,GET,GET /health/,20.96,ok,
2026-10-04T17:35:24.400758+05:30,POST,POST /jobs/,22.82,ok,
2026-10-04T17:35:24.605594+05:30,POST,POST /jobs/,22.94,ok,
2026-10-04T17:35:25.379815+05:30,GET,GET /jobs/{id}/,20.21,ok,
2026-10-04T17:35:25.384029+05:30,GET,GET /jobs/{id}/,20.4,ok,
2026-10-04T17:35:26.037571+05:30,POST,POST /jobs/,23.59,ok,
2026-10-04T17:35:27.339812+05:30,GET,GET /jobs/{id}/,19.68,ok,
2026-10-04T17:35:27.553914+05:30,GET,GET /health/,29.67,ok,
2026-10-04T17:35:27.588584+05:30,POST,POST /jobs/,22.33,ok,
2026-10-04T17:35:27.785515+05:30,POST,POST /jobs/,22.48,ok,
2026-10-04T17:35:27.941678+05:30,GET,GET /jobs/{id}/,19.73,ok,
2026-10-04T17:35:28.960102+05:30,GET,GET /jobs/{id}/,20.1,ok,
2026-10-04T17:35:29.666233+05:30,GET,GET /jobs/{id}/,19.61,ok,
2026-10-04T17:35:30.326853+05:30,GET,GET /jobs/{id}/,20.71,ok,
2026-10-04T17:35:30.364940+05:30,POST,POST /jobs/,22.77,ok,
2026-10-04T17:35:30.607605+05:30,GET,GET /health/,20.2,ok,
2026-10-04T17:35:31.470742+05:30,GET,GET /jobs/{id}/,19.87,ok,
2026-10-04T17:35:31.793361+05:30,GET,GET /jobs/stats/,20.07,ok,
2026-10-04T17:35:31.837263+05:30,GET,GET /jobs/{id}/,22.56,ok,
2026-10-04T17:35:32.897016+05:30,POST,POST /jobs/,22.28,ok,
2026-10-04T17:35:32.998660+05:30,POST,POST /jobs/,23.29,ok,
2026-10-04T17:35:33.438933+05:30,POST,POST /jobs/,22.6,ok,
2026-10-04T17:35:34.260515+05:30,GET,GET /jobs/stats/,20.39,ok,
2026-10-04T17:35:34.365061+05:30,POST,POST /jobs/,22.12,ok,
2026-10-04T17:35:35.338812+05:30,GET,GET /health/,19.89,ok,
2026-10-04T17:35:35.479894+05:30,GET,GET /jobs/{id}/,19.65,ok,
2026-10-04T17:35:36.789701+05:30,POST,POST /jobs/,22.25,ok,
2026-10-04T17:35:36.999798+05:30,GET,GET /jobs/{id}/,19.54,ok,
2026-10-04T17:35:37.142301+05:30,GET,GET /jobs/{id}/,21.11,ok,
2026-10-04T17:35:37.625936+05:30,POST,POST /jobs/,21.9,ok,
2026-10-04T17:35:38.311371+05:30,POST,POST /jobs/,24.74,ok,
2026-10-04T17:35:39.339709+05:30,GET,GET /jobs/{id}/,19.85,ok,
2026-10-04T17:35:39.515050+05:30,GET,GET /jobs/stats/,20.48,ok,
2026-10-04T17:35:39.626524+05:30,GET,GET /jobs/stats/,20.09,ok,
2026-10-04T17:35:39.974193+05:30,GET,GET /jobs/stats/,20.1,ok,
2026-10-04T17:35:40.015107+05:30,GET,GET /jobs/{id}/,21.59,ok,
2026-10-04T17:35:41.088102+05:30,POST,POST /jobs/,22.65,ok,
2026-10-04T17:35:41.527545+05:30,GET,GET /jobs/stats/,19.61,ok,
2026-10-04T17:35:41.655372+05:30,GET,GET /jobs/{id}/,19.43,ok,
2026-10-04T17:35:42.593269+05:30,GET,GET /jobs/{id}/,19.67,ok,
2026-10-04T17:35:42.594913+05:30,POST,POST /jobs/,23.28,ok,
2026-10-04T17:35:43.667743+05:30,GET,GET /jobs/{id}/,19.34,ok,
2026-10-04T17:35:43.829306+05:30,GET,GET /jobs/{id}/,20.14,ok,
2026-10-04T17:35:43.953704+05:30,GET,GET /jobs/{id}/,19.93,ok,
