2026-10-04T12:03:30Z,ip-192-168-33-205.eu-north-1.compute.internal,26m,1%,495Mi,15%
2026-10-04T12:03:30Z,ip-192-168-86-95.eu-north-1.compute.internal,43m,2%,673Mi,20%
2026-10-04T12:03:30Z,ip-192-168-9-242.eu-north-1.compute.internal,59m,3%,567Mi,17%
2026-10-04T12:03:54Z,ip-192-168-33-205.eu-north-1.compute.internal,125m,6%,549Mi,16%
2026-10-04T12:03:54Z,ip-192-168-86-95.eu-north-1.compute.internal,54m,2%,674Mi,20%
2026-10-04T12:03:54Z,ip-192-168-9-242.eu-north-1.compute.internal,58m,3%,567Mi,17%
2026-10-04T12:04:13Z,ip-192-168-33-205.eu-north-1.compute.internal,40m,2%,583Mi,17%
2026-10-04T12:04:13Z,ip-192-168-86-95.eu-north-1.compute.internal,86m,4%,692Mi,21%
2026-10-04T12:04:13Z,ip-192-168-9-242.eu-north-1.compute.internal,71m,3%,568Mi,17%
2026-10-04T12:04:34Z,ip-192-168-33-205.eu-north-1.compute.internal,52m,2%,584Mi,17%
2026-10-04T12:04:34Z,ip-192-168-86-95.eu-north-1.compute.internal,93m,4%,695Mi,21%
2026-10-04T12:04:34Z,ip-192-168-9-242.eu-north-1.compute.internal,64m,3%,568Mi,17%
2026-10-04T12:04:55Z,ip-192-168-33-205.eu-north-1.compute.internal,38m,1%,583Mi,17%
2026-10-04T12:04:55Z,ip-192-168-86-95.eu-north-1.compute.internal,87m,4%,694Mi,21%
2026-10-04T12:04:55Z,ip-192-168-9-242.eu-north-1.compute.internal,77m,3%,568Mi,17%
2026-10-04T12:05:14Z,ip-192-168-33-205.eu-north-1.compute.internal,40m,2%,581Mi,17%
2026-10-04T12:05:14Z,ip-192-168-86-95.eu-north-1.compute.internal,97m,5%,697Mi,21%
2026-10-04T12:05:14Z,ip-192-168-9-242.eu-north-1.compute.internal,80m,4%,569Mi,17%
2026-10-04T12:05:34Z,ip-192-168-33-205.eu-north-1.compute.internal,35m,1%,582Mi,17%
2026-10-04T12:05:34Z,ip-192-168-86-95.eu-north-1.compute.internal,77m,3%,697Mi,21%
2026-10-04T12:05:34Z,ip-192-168-9-242.eu-north-1.compute.internal,62m,3%,568Mi,17%
