2026-10-04T12:03:30Z,monitor,0m,2Mi
2026-10-04T12:03:30Z,postgres-cf9fdbc59-tfwlk,11m,36Mi
2026-10-04T12:03:30Z,redis-74f4fb978c-2sb5t,5m,3Mi
2026-10-04T12:03:30Z,web-748fdd5fb9-46kpp,16m,84Mi
2026-10-04T12:03:30Z,worker-b4bf677dd-5hzfd,2m,149Mi
2026-10-04T12:03:54Z,monitor,66m,50Mi
2026-10-04T12:03:54Z,postgres-cf9fdbc59-tfwlk,11m,36Mi
2026-10-04T12:03:54Z,redis-74f4fb978c-2sb5t,6m,3Mi
2026-10-04T12:03:54Z,web-748fdd5fb9-46kpp,16m,84Mi
2026-10-04T12:03:54Z,worker-b4bf677dd-5hzfd,2m,149Mi
2026-10-04T12:04:13Z,locust-smoke-284fz,30m,35Mi
2026-10-04T12:04:13Z,monitor,2m,50Mi
2026-10-04T12:04:13Z,postgres-cf9fdbc59-tfwlk,30m,41Mi
2026-10-04T12:04:13Z,redis-74f4fb978c-2sb5t,6m,3Mi
2026-10-04T12:04:13Z,web-748fdd5fb9-46kpp,26m,85Mi
2026-10-04T12:04:13Z,worker-b4bf677dd-5hzfd,15m,166Mi
2026-10-04T12:04:34Z,locust-smoke-284fz,5m,35Mi
2026-10-04T12:04:34Z,monitor,2m,50Mi
2026-10-04T12:04:34Z,postgres-cf9fdbc59-tfwlk,33m,40Mi
2026-10-04T12:04:34Z,redis-74f4fb978c-2sb5t,5m,3Mi
2026-10-04T12:04:34Z,web-748fdd5fb9-46kpp,29m,86Mi
2026-10-04T12:04:34Z,worker-b4bf677dd-5hzfd,15m,166Mi
2026-10-04T12:04:55Z,locust-smoke-284fz,5m,35Mi
2026-10-04T12:04:55Z,monitor,2m,50Mi
2026-10-04T12:04:55Z,postgres-cf9fdbc59-tfwlk,40m,43Mi
2026-10-04T12:04:55Z,redis-74f4fb978c-2sb5t,6m,3Mi
2026-10-04T12:04:55Z,web-748fdd5fb9-46kpp,30m,85Mi
2026-10-04T12:04:55Z,worker-b4bf677dd-5hzfd,13m,166Mi
2026-10-04T12:05:14Z,locust-smoke-284fz,5m,35Mi
2026-10-04T12:05:14Z,monitor,2m,50Mi
2026-10-04T12:05:14Z,postgres-cf9fdbc59-tfwlk,40m,45Mi
2026-10-04T12:05:14Z,redis-74f4fb978c-2sb5t,6m,3Mi
2026-10-04T12:05:14Z,web-748fdd5fb9-46kpp,30m,85Mi
2026-10-04T12:05:14Z,worker-b4bf677dd-5hzfd,16m,170Mi
2026-10-04T12:05:34Z,locust-smoke-284fz,5m,35Mi
2026-10-04T12:05:34Z,monitor,2m,50Mi
2026-10-04T12:05:34Z,postgres-cf9fdbc59-tfwlk,35m,41Mi
2026-10-04T12:05:34Z,redis-74f4fb978c-2sb5t,6m,3Mi
2026-10-04T12:05:34Z,web-748fdd5fb9-46kpp,31m,86Mi
2026-10-04T12:05:34Z,worker-b4bf677dd-5hzfd,10m,170Mi
