timestamp,jobs.high,jobs.default,jobs.low,total_queued
2026-10-04 12:03:31,0,0,0,0
2026-10-04 12:03:32,0,0,0,0
2026-10-04 12:03:33,0,0,0,0
2026-10-04 12:03:34,0,0,0,0
2026-10-04 12:03:35,0,0,0,0
2026-10-04 12:03:36,0,0,0,0
2026-10-04 12:03:37,0,0,0,0
2026-10-04 12:03:38,0,0,0,0
2026-10-04 12:03:39,0,0,0,0
2026-10-04 12:03:40,0,0,0,0
2026-10-04 12:03:41,0,0,0,0
2026-10-04 12:03:42,0,0,0,0
2026-10-04 12:03:43,0,0,0,0
2026-10-04 12:03:44,0,0,0,0
2026-10-04 12:03:45,0,0,0,0
2026-10-04 12:03:46,0,0,0,0
2026-10-04 12:03:47,0,0,0,0
2026-10-04 12:03:48,0,0,0,0
2026-10-04 12:03:49,0,0,0,0
2026-10-04 12:03:50,0,0,0,0
2026-10-04 12:03:51,0,0,0,0
2026-10-04 12:03:52,0,0,0,0
2026-10-04 12:03:53,0,0,0,0
2026-10-04 12:03:54,0,0,0,0
2026-10-04 12:03:55,0,0,0,0
2026-10-04 12:03:56,0,0,0,0
2026-10-04 12:03:57,0,0,0,0
2026-10-04 12:03:58,0,0,0,0
2026-10-04 12:03:59,0,0,0,0
2026-10-04 12:04:00,0,0,0,0
2026-10-04 12:04:01,0,0,0,0
2026-10-04 12:04:02,0,0,0,0
2026-10-04 12:04:03,0,0,0,0
2026-10-04 12:04:04,0,0,0,0
2026-10-04 12:04:05,0,0,0,0
2026-10-04 12:04:06,0,0,0,0
2026-10-04 12:04:07,0,0,0,0
2026-10-04 12:04:08,0,0,0,0
2026-10-04 12:04:09,0,0,0,0
2026-10-04 12:04:10,0,0,0,0
2026-10-04 12:04:11,0,0,0,0
2026-10-04 12:04:12,0,0,0,0
2026-10-04 12:04:13,0,0,0,0
2026-10-04 12:04:14,0,0,0,0
2026-10-04 12:04:15,0,0,0,0
2026-10-04 12:04:16,0,0,0,0
2026-10-04 12:04:17,0,0,0,0
2026-10-04 12:04:18,0,0,0,0
2026-10-04 12:04:19,0,0,0,0
2026-10-04 12:04:20,0,0,0,0
2026-10-04 12:04:21,0,0,0,0
2026-10-04 12:04:22,0,0,0,0
2026-10-04 12:04:23,0,0,0,0
2026-10-04 12:04:24,0,0,0,0
2026-10-04 12:04:25,0,0,0,0
2026-10-04 12:04:26,0,0,0,0
2026-10-04 12:04:27,0,0,0,0
2026-10-04 12:04:28,0,0,0,0
2026-10-04 12:04:29,0,0,0,0
2026-10-04 12:04:30,0,0,0,0
2026-10-04 12:04:31,0,0,0,0
2026-10-04 12:04:32,0,0,0,0
2026-10-04 12:04:33,0,0,0,0
2026-10-04 12:04:34,0,0,0,0
2026-10-04 12:04:35,0,0,0,0
2026-10-04 12:04:36,0,0,0,0
2026-10-04 12:04:37,0,0,0,0
2026-10-04 12:04:38,0,0,0,0
2026-10-04 12:04:39,0,0,0,0
2026-10-04 12:04:40,0,0,0,0
2026-10-04 12:04:41,0,0,0,0
2026-10-04 12:04:42,0,0,0,0
2026-10-04 12:04:43,0,0,0,0
2026-10-04 12:04:44,0,0,0,0
2026-10-04 12:04:45,0,0,0,0
2026-10-04 12:04:47,0,0,0,0
2026-10-04 12:04:48,0,0,0,0
2026-10-04 12:04:49,0,0,0,0
2026-10-04 12:04:50,0,0,0,0
2026-10-04 12:04:51,0,0,0,0
2026-10-04 12:04:52,0,0,0,0
2026-10-04 12:04:53,0,0,0,0
2026-10-04 12:04:54,0,0,0,0
2026-10-04 12:04:55,0,0,0,0
2026-10-04 12:04:56,0,0,0,0
2026-10-04 12:04:57,0,0,0,0
2026-10-04 12:04:58,0,0,0,0
2026-10-04 12:04:59,0,0,0,0
2026-10-04 12:05:00,0,0,0,0
2026-10-04 12:05:01,0,0,0,0
2026-10-04 12:05:02,0,0,0,0
2026-10-04 12:05:03,0,0,0,0
2026-10-04 12:05:04,0,0,0,0
2026-10-04 12:05:05,0,0,0,0
2026-10-04 12:05:06,0,0,0,0
2026-10-04 12:05:07,0,0,0,0
2026-10-04 12:05:08,0,0,0,0
2026-10-04 12:05:09,0,0,0,0
2026-10-04 12:05:10,0,0,0,0
2026-10-04 12:05:11,0,0,0,0
2026-10-04 12:05:12,0,0,0,0
2026-10-04 12:05:13,0,0,0,0
2026-10-04 12:05:14,0,0,0,0
2026-10-04 12:05:15,0,0,0,0
2026-10-04 12:05:16,0,0,0,0
2026-10-04 12:05:17,0,0,0,0
2026-10-04 12:05:18,0,0,0,0
2026-10-04 12:05:19,0,0,0,0
2026-10-04 12:05:20,0,0,0,0
2026-10-04 12:05:21,0,0,0,0
2026-10-04 12:05:22,0,0,0,0
2026-10-04 12:05:23,0,0,0,0
2026-10-04 12:05:24,0,0,0,0
2026-10-04 12:05:25,0,0,0,0
2026-10-04 12:05:26,0,0,0,0
2026-10-04 12:05:27,0,0,0,0
2026-10-04 12:05:28,0,0,0,0
2026-10-04 12:05:29,0,0,0,0
2026-10-04 12:05:30,0,0,0,0
2026-10-04 12:05:31,0,0,0,0
2026-10-04 12:05:32,0,0,0,0
2026-10-04 12:05:33,0,0,0,0
2026-10-04 12:05:34,0,0,0,0
2026-10-04 12:05:35,0,0,0,0
2026-10-04 12:05:36,0,0,0,0
2026-10-04 12:05:37,0,0,0,0
2026-10-04 12:05:38,0,0,0,0
2026-10-04 12:05:39,0,0,0,0
2026-10-04 12:05:40,0,0,0,0
2026-10-04 12:05:41,0,0,0,0
2026-10-04 12:05:42,0,0,0,0
2026-10-04 12:05:43,0,0,0,0
2026-10-04 12:05:44,0,0,0,0
2026-10-04 12:05:45,0,0,0,0
2026-10-04 12:05:46,0,0,0,0
2026-10-04 12:05:47,0,0,0,0
2026-10-04 12:05:48,0,0,0,0
2026-10-04 12:05:49,0,0,0,0
