2026-10-04T12:03:30Z,postgres,1/1
2026-10-04T12:03:30Z,redis,1/1
2026-10-04T12:03:30Z,web,1/1
2026-10-04T12:03:30Z,worker,1/1
2026-10-04T12:03:54Z,postgres,1/1
2026-10-04T12:03:54Z,redis,1/1
2026-10-04T12:03:54Z,web,1/1
2026-10-04T12:03:54Z,worker,1/1
2026-10-04T12:04:13Z,postgres,1/1
2026-10-04T12:04:13Z,redis,1/1
2026-10-04T12:04:13Z,web,1/1
2026-10-04T12:04:13Z,worker,1/1
2026-10-04T12:04:34Z,postgres,1/1
2026-10-04T12:04:34Z,redis,1/1
2026-10-04T12:04:34Z,web,1/1
2026-10-04T12:04:34Z,worker,1/1
2026-10-04T12:04:55Z,postgres,1/1
2026-10-04T12:04:55Z,redis,1/1
2026-10-04T12:04:55Z,web,1/1
2026-10-04T12:04:55Z,worker,1/1
2026-10-04T12:05:14Z,postgres,1/1
2026-10-04T12:05:14Z,redis,1/1
2026-10-04T12:05:14Z,web,1/1
2026-10-04T12:05:14Z,worker,1/1
2026-10-04T12:05:34Z,postgres,1/1
2026-10-04T12:05:34Z,redis,1/1
2026-10-04T12:05:34Z,web,1/1
2026-10-04T12:05:34Z,worker,1/1
