2026-10-04T19:38:39+05:30,ip-192-168-33-205.eu-north-1.compute.internal,27m,1%,528Mi,16%
2026-10-04T19:38:39+05:30,ip-192-168-86-95.eu-north-1.compute.internal,36m,1%,560Mi,17%
2026-10-04T19:38:39+05:30,ip-192-168-9-242.eu-north-1.compute.internal,61m,3%,777Mi,23%
2026-10-04T19:39:02+05:30,ip-192-168-33-205.eu-north-1.compute.internal,173m,8%,618Mi,18%
2026-10-04T19:39:02+05:30,ip-192-168-86-95.eu-north-1.compute.internal,81m,4%,574Mi,17%
2026-10-04T19:39:02+05:30,ip-192-168-9-242.eu-north-1.compute.internal,199m,10%,780Mi,23%
2026-10-04T19:39:21+05:30,ip-192-168-33-205.eu-north-1.compute.internal,142m,7%,622Mi,18%
2026-10-04T19:39:21+05:30,ip-192-168-86-95.eu-north-1.compute.internal,360m,18%,569Mi,17%
2026-10-04T19:39:21+05:30,ip-192-168-9-242.eu-north-1.compute.internal,365m,18%,784Mi,23%
2026-10-04T19:39:40+05:30,ip-192-168-33-205.eu-north-1.compute.internal,143m,7%,622Mi,18%
2026-10-04T19:39:40+05:30,ip-192-168-86-95.eu-north-1.compute.internal,433m,22%,569Mi,17%
2026-10-04T19:39:40+05:30,ip-192-168-9-242.eu-north-1.compute.internal,355m,18%,784Mi,23%
2026-10-04T19:40:01+05:30,ip-192-168-33-205.eu-north-1.compute.internal,156m,8%,623Mi,18%
2026-10-04T19:40:01+05:30,ip-192-168-86-95.eu-north-1.compute.internal,431m,22%,569Mi,17%
2026-10-04T19:40:01+05:30,ip-192-168-9-242.eu-north-1.compute.internal,363m,18%,785Mi,23%
2026-10-04T19:40:22+05:30,ip-192-168-33-205.eu-north-1.compute.internal,152m,7%,623Mi,18%
2026-10-04T19:40:22+05:30,ip-192-168-86-95.eu-north-1.compute.internal,440m,22%,569Mi,17%
2026-10-04T19:40:22+05:30,ip-192-168-9-242.eu-north-1.compute.internal,391m,20%,786Mi,23%
2026-10-04T19:40:40+05:30,ip-192-168-33-205.eu-north-1.compute.internal,164m,8%,624Mi,18%
2026-10-04T19:40:40+05:30,ip-192-168-86-95.eu-north-1.compute.internal,413m,21%,568Mi,17%
2026-10-04T19:40:40+05:30,ip-192-168-9-242.eu-north-1.compute.internal,357m,18%,793Mi,24%
2026-10-04T19:40:59+05:30,ip-192-168-33-205.eu-north-1.compute.internal,118m,6%,586Mi,17%
2026-10-04T19:40:59+05:30,ip-192-168-86-95.eu-north-1.compute.internal,323m,16%,568Mi,17%
2026-10-04T19:40:59+05:30,ip-192-168-9-242.eu-north-1.compute.internal,217m,11%,782Mi,23%
2026-10-04T19:41:17+05:30,ip-192-168-33-205.eu-north-1.compute.internal,32m,1%,586Mi,17%
2026-10-04T19:41:17+05:30,ip-192-168-86-95.eu-north-1.compute.internal,79m,4%,567Mi,17%
2026-10-04T19:41:17+05:30,ip-192-168-9-242.eu-north-1.compute.internal,102m,5%,781Mi,23%
2026-10-04T19:41:35+05:30,ip-192-168-33-205.eu-north-1.compute.internal,35m,1%,588Mi,17%
2026-10-04T19:41:35+05:30,ip-192-168-86-95.eu-north-1.compute.internal,68m,3%,568Mi,17%
2026-10-04T19:41:35+05:30,ip-192-168-9-242.eu-north-1.compute.internal,90m,4%,782Mi,23%
2026-10-04T19:41:53+05:30,ip-192-168-33-205.eu-north-1.compute.internal,26m,1%,588Mi,17%
2026-10-04T19:41:53+05:30,ip-192-168-86-95.eu-north-1.compute.internal,74m,3%,569Mi,17%
2026-10-04T19:41:53+05:30,ip-192-168-9-242.eu-north-1.compute.internal,88m,4%,781Mi,23%
2026-10-04T19:42:15+05:30,ip-192-168-33-205.eu-north-1.compute.internal,32m,1%,587Mi,17%
2026-10-04T19:42:15+05:30,ip-192-168-86-95.eu-north-1.compute.internal,82m,4%,569Mi,17%
2026-10-04T19:42:15+05:30,ip-192-168-9-242.eu-north-1.compute.internal,104m,5%,782Mi,23%
2026-10-04T19:42:33+05:30,ip-192-168-33-205.eu-north-1.compute.internal,30m,1%,587Mi,17%
2026-10-04T19:42:33+05:30,ip-192-168-86-95.eu-north-1.compute.internal,86m,4%,569Mi,17%
2026-10-04T19:42:33+05:30,ip-192-168-9-242.eu-north-1.compute.internal,83m,4%,782Mi,23%
2026-10-04T19:42:51+05:30,ip-192-168-33-205.eu-north-1.compute.internal,35m,1%,586Mi,17%
2026-10-04T19:42:51+05:30,ip-192-168-86-95.eu-north-1.compute.internal,82m,4%,568Mi,17%
2026-10-04T19:42:51+05:30,ip-192-168-9-242.eu-north-1.compute.internal,95m,4%,780Mi,23%
2026-10-04T19:43:10+05:30,ip-192-168-33-205.eu-north-1.compute.internal,23m,1%,587Mi,17%
2026-10-04T19:43:10+05:30,ip-192-168-86-95.eu-north-1.compute.internal,87m,4%,569Mi,17%
2026-10-04T19:43:10+05:30,ip-192-168-9-242.eu-north-1.compute.internal,86m,4%,781Mi,23%
2026-10-04T19:43:28+05:30,ip-192-168-33-205.eu-north-1.compute.internal,24m,1%,586Mi,17%
2026-10-04T19:43:28+05:30,ip-192-168-86-95.eu-north-1.compute.internal,88m,4%,568Mi,17%
2026-10-04T19:43:28+05:30,ip-192-168-9-242.eu-north-1.compute.internal,104m,5%,782Mi,23%
2026-10-04T19:43:46+05:30,ip-192-168-33-205.eu-north-1.compute.internal,28m,1%,586Mi,17%
2026-10-04T19:43:46+05:30,ip-192-168-86-95.eu-north-1.compute.internal,80m,4%,567Mi,17%
2026-10-04T19:43:46+05:30,ip-192-168-9-242.eu-north-1.compute.internal,93m,4%,782Mi,23%
2026-10-04T19:44:04+05:30,ip-192-168-33-205.eu-north-1.compute.internal,23m,1%,585Mi,17%
2026-10-04T19:44:04+05:30,ip-192-168-86-95.eu-north-1.compute.internal,68m,3%,568Mi,17%
2026-10-04T19:44:04+05:30,ip-192-168-9-242.eu-north-1.compute.internal,87m,4%,782Mi,23%
2026-10-04T19:44:23+05:30,ip-192-168-33-205.eu-north-1.compute.internal,28m,1%,585Mi,17%
2026-10-04T19:44:23+05:30,ip-192-168-86-95.eu-north-1.compute.internal,87m,4%,569Mi,17%
2026-10-04T19:44:23+05:30,ip-192-168-9-242.eu-north-1.compute.internal,101m,5%,781Mi,23%
2026-10-04T19:44:42+05:30,ip-192-168-33-205.eu-north-1.compute.internal,26m,1%,586Mi,17%
2026-10-04T19:44:42+05:30,ip-192-168-86-95.eu-north-1.compute.internal,58m,3%,567Mi,17%
2026-10-04T19:44:42+05:30,ip-192-168-9-242.eu-north-1.compute.internal,68m,3%,781Mi,23%
2026-10-04T19:45:00+05:30,ip-192-168-33-205.eu-north-1.compute.internal,28m,1%,584Mi,17%
2026-10-04T19:45:00+05:30,ip-192-168-86-95.eu-north-1.compute.internal,76m,3%,568Mi,17%
2026-10-04T19:45:00+05:30,ip-192-168-9-242.eu-north-1.compute.internal,93m,4%,782Mi,23%
2026-10-04T19:45:18+05:30,ip-192-168-33-205.eu-north-1.compute.internal,33m,1%,584Mi,17%
2026-10-04T19:45:18+05:30,ip-192-168-86-95.eu-north-1.compute.internal,82m,4%,568Mi,17%
2026-10-04T19:45:18+05:30,ip-192-168-9-242.eu-north-1.compute.internal,95m,4%,781Mi,23%
2026-10-04T19:45:37+05:30,ip-192-168-33-205.eu-north-1.compute.internal,24m,1%,584Mi,17%
2026-10-04T19:45:37+05:30,ip-192-168-86-95.eu-north-1.compute.internal,88m,4%,568Mi,17%
2026-10-04T19:45:37+05:30,ip-192-168-9-242.eu-north-1.compute.internal,87m,4%,782Mi,23%
2026-10-04T19:45:55+05:30,ip-192-168-33-205.eu-north-1.compute.internal,30m,1%,584Mi,17%
2026-10-04T19:45:55+05:30,ip-192-168-86-95.eu-north-1.compute.internal,74m,3%,568Mi,17%
2026-10-04T19:45:55+05:30,ip-192-168-9-242.eu-north-1.compute.internal,96m,4%,782Mi,23%
2026-10-04T19:46:13+05:30,ip-192-168-33-205.eu-north-1.compute.internal,33m,1%,583Mi,17%
2026-10-04T19:46:13+05:30,ip-192-168-86-95.eu-north-1.compute.internal,73m,3%,569Mi,17%
2026-10-04T19:46:13+05:30,ip-192-168-9-242.eu-north-1.compute.internal,96m,4%,781Mi,23%
2026-10-04T19:46:33+05:30,ip-192-168-33-205.eu-north-1.compute.internal,20m,1%,582Mi,17%
2026-10-04T19:46:33+05:30,ip-192-168-86-95.eu-north-1.compute.internal,84m,4%,569Mi,17%
2026-10-04T19:46:33+05:30,ip-192-168-9-242.eu-north-1.compute.internal,89m,4%,782Mi,23%
2026-10-04T19:46:51+05:30,ip-192-168-33-205.eu-north-1.compute.internal,27m,1%,583Mi,17%
2026-10-04T19:46:51+05:30,ip-192-168-86-95.eu-north-1.compute.internal,79m,4%,569Mi,17%
2026-10-04T19:46:51+05:30,ip-192-168-9-242.eu-north-1.compute.internal,97m,5%,779Mi,23%
2026-10-04T19:47:12+05:30,ip-192-168-33-205.eu-north-1.compute.internal,25m,1%,588Mi,17%
2026-10-04T19:47:12+05:30,ip-192-168-86-95.eu-north-1.compute.internal,75m,3%,569Mi,17%
2026-10-04T19:47:12+05:30,ip-192-168-9-242.eu-north-1.compute.internal,98m,5%,781Mi,23%
2026-10-04T19:47:30+05:30,ip-192-168-33-205.eu-north-1.compute.internal,26m,1%,584Mi,17%
2026-10-04T19:47:30+05:30,ip-192-168-86-95.eu-north-1.compute.internal,66m,3%,569Mi,17%
2026-10-04T19:47:30+05:30,ip-192-168-9-242.eu-north-1.compute.internal,79m,4%,780Mi,23%
2026-10-04T19:47:48+05:30,ip-192-168-33-205.eu-north-1.compute.internal,29m,1%,582Mi,17%
2026-10-04T19:47:48+05:30,ip-192-168-86-95.eu-north-1.compute.internal,83m,4%,569Mi,17%
2026-10-04T19:47:48+05:30,ip-192-168-9-242.eu-north-1.compute.internal,88m,4%,780Mi,23%
2026-10-04T19:48:06+05:30,ip-192-168-33-205.eu-north-1.compute.internal,23m,1%,582Mi,17%
2026-10-04T19:48:06+05:30,ip-192-168-86-95.eu-north-1.compute.internal,68m,3%,569Mi,17%
2026-10-04T19:48:06+05:30,ip-192-168-9-242.eu-north-1.compute.internal,97m,5%,781Mi,23%
2026-10-04T19:48:26+05:30,ip-192-168-33-205.eu-north-1.compute.internal,36m,1%,582Mi,17%
2026-10-04T19:48:26+05:30,ip-192-168-86-95.eu-north-1.compute.internal,74m,3%,568Mi,17%
2026-10-04T19:48:26+05:30,ip-192-168-9-242.eu-north-1.compute.internal,96m,4%,781Mi,23%
2026-10-04T19:48:44+05:30,ip-192-168-33-205.eu-north-1.compute.internal,29m,1%,581Mi,17%
2026-10-04T19:48:44+05:30,ip-192-168-86-95.eu-north-1.compute.internal,78m,4%,568Mi,17%
2026-10-04T19:48:44+05:30,ip-192-168-9-242.eu-north-1.compute.internal,94m,4%,781Mi,23%
2026-10-04T19:49:02+05:30,ip-192-168-33-205.eu-north-1.compute.internal,28m,1%,582Mi,17%
2026-10-04T19:49:02+05:30,ip-192-168-86-95.eu-north-1.compute.internal,84m,4%,568Mi,17%
2026-10-04T19:49:02+05:30,ip-192-168-9-242.eu-north-1.compute.internal,83m,4%,781Mi,23%
2026-10-04T19:49:20+05:30,ip-192-168-33-205.eu-north-1.compute.internal,26m,1%,582Mi,17%
2026-10-04T19:49:20+05:30,ip-192-168-86-95.eu-north-1.compute.internal,75m,3%,568Mi,17%
2026-10-04T19:49:20+05:30,ip-192-168-9-242.eu-north-1.compute.internal,89m,4%,780Mi,23%
2026-10-04T19:49:39+05:30,ip-192-168-33-205.eu-north-1.compute.internal,23m,1%,582Mi,17%
2026-10-04T19:49:39+05:30,ip-192-168-86-95.eu-north-1.compute.internal,81m,4%,569Mi,17%
2026-10-04T19:49:39+05:30,ip-192-168-9-242.eu-north-1.compute.internal,88m,4%,781Mi,23%
2026-10-04T19:49:57+05:30,ip-192-168-33-205.eu-north-1.compute.internal,33m,1%,583Mi,17%
2026-10-04T19:49:57+05:30,ip-192-168-86-95.eu-north-1.compute.internal,88m,4%,569Mi,17%
2026-10-04T19:49:57+05:30,ip-192-168-9-242.eu-north-1.compute.internal,82m,4%,781Mi,23%
2026-10-04T19:50:15+05:30,ip-192-168-33-205.eu-north-1.compute.internal,28m,1%,583Mi,17%
2026-10-04T19:50:15+05:30,ip-192-168-86-95.eu-north-1.compute.internal,84m,4%,568Mi,17%
2026-10-04T19:50:15+05:30,ip-192-168-9-242.eu-north-1.compute.internal,99m,5%,781Mi,23%
2026-10-04T19:50:35+05:30,ip-192-168-33-205.eu-north-1.compute.internal,28m,1%,584Mi,17%
2026-10-04T19:50:35+05:30,ip-192-168-86-95.eu-north-1.compute.internal,94m,4%,569Mi,17%
2026-10-04T19:50:35+05:30,ip-192-168-9-242.eu-north-1.compute.internal,84m,4%,781Mi,23%
2026-10-04T19:50:53+05:30,ip-192-168-33-205.eu-north-1.compute.internal,30m,1%,584Mi,17%
2026-10-04T19:50:53+05:30,ip-192-168-86-95.eu-north-1.compute.internal,79m,4%,568Mi,17%
2026-10-04T19:50:53+05:30,ip-192-168-9-242.eu-north-1.compute.internal,88m,4%,781Mi,23%
2026-10-04T19:51:11+05:30,ip-192-168-33-205.eu-north-1.compute.internal,56m,2%,577Mi,17%
2026-10-04T19:51:11+05:30,ip-192-168-86-95.eu-north-1.compute.internal,68m,3%,569Mi,17%
2026-10-04T19:51:11+05:30,ip-192-168-9-242.eu-north-1.compute.internal,67m,3%,781Mi,23%
2026-10-04T19:51:30+05:30,ip-192-168-33-205.eu-north-1.compute.internal,22m,1%,574Mi,17%
2026-10-04T19:51:30+05:30,ip-192-168-86-95.eu-north-1.compute.internal,47m,2%,564Mi,17%
2026-10-04T19:51:30+05:30,ip-192-168-9-242.eu-north-1.compute.internal,64m,3%,781Mi,23%
2026-10-04T19:51:48+05:30,ip-192-168-33-205.eu-north-1.compute.internal,71m,3%,574Mi,17%
2026-10-04T19:51:48+05:30,ip-192-168-86-95.eu-north-1.compute.internal,91m,4%,564Mi,17%
2026-10-04T19:51:48+05:30,ip-192-168-9-242.eu-north-1.compute.internal,97m,5%,780Mi,23%
2026-10-04T19:52:06+05:30,ip-192-168-33-205.eu-north-1.compute.internal,34m,1%,573Mi,17%
2026-10-04T19:52:06+05:30,ip-192-168-86-95.eu-north-1.compute.internal,45m,2%,564Mi,17%
2026-10-04T19:52:06+05:30,ip-192-168-9-242.eu-north-1.compute.internal,57m,2%,780Mi,23%
2026-10-04T19:52:24+05:30,ip-192-168-33-205.eu-north-1.compute.internal,29m,1%,574Mi,17%
2026-10-04T19:52:24+05:30,ip-192-168-86-95.eu-north-1.compute.internal,54m,2%,564Mi,17%
2026-10-04T19:52:24+05:30,ip-192-168-9-242.eu-north-1.compute.internal,61m,3%,780Mi,23%
2026-10-04T19:52:43+05:30,ip-192-168-33-205.eu-north-1.compute.internal,29m,1%,574Mi,17%
2026-10-04T19:52:43+05:30,ip-192-168-86-95.eu-north-1.compute.internal,48m,2%,565Mi,17%
2026-10-04T19:52:43+05:30,ip-192-168-9-242.eu-north-1.compute.internal,58m,3%,780Mi,23%
2026-10-04T19:53:02+05:30,ip-192-168-33-205.eu-north-1.compute.internal,23m,1%,574Mi,17%
2026-10-04T19:53:02+05:30,ip-192-168-86-95.eu-north-1.compute.internal,54m,2%,565Mi,17%
2026-10-04T19:53:02+05:30,ip-192-168-9-242.eu-north-1.compute.internal,65m,3%,781Mi,23%
