2026-10-04T19:38:39+05:30,monitor,0m,2Mi
2026-10-04T19:38:39+05:30,postgres-cf9fdbc59-tfwlk,12m,41Mi
2026-10-04T19:38:39+05:30,redis-74f4fb978c-2sb5t,5m,4Mi
2026-10-04T19:38:39+05:30,web-748fdd5fb9-46kpp,17m,99Mi
2026-10-04T19:38:39+05:30,worker-b4bf677dd-p2s6t,2m,170Mi
2026-10-04T19:39:02+05:30,locust-hpa-cpu-cxpfg,130m,38Mi
2026-10-04T19:39:02+05:30,monitor,2m,50Mi
2026-10-04T19:39:02+05:30,postgres-cf9fdbc59-tfwlk,193m,52Mi
2026-10-04T19:39:02+05:30,redis-74f4fb978c-2sb5t,8m,4Mi
2026-10-04T19:39:02+05:30,web-748fdd5fb9-46kpp,146m,108Mi
2026-10-04T19:39:02+05:30,worker-b4bf677dd-p2s6t,15m,170Mi
2026-10-04T19:39:21+05:30,locust-hpa-cpu-cxpfg,79m,39Mi
2026-10-04T19:39:21+05:30,monitor,2m,50Mi
2026-10-04T19:39:21+05:30,postgres-cf9fdbc59-tfwlk,193m,52Mi
2026-10-04T19:39:21+05:30,redis-74f4fb978c-2sb5t,9m,4Mi
2026-10-04T19:39:21+05:30,web-748fdd5fb9-46kpp,146m,108Mi
2026-10-04T19:39:21+05:30,worker-b4bf677dd-p2s6t,33m,172Mi
2026-10-04T19:39:40+05:30,locust-hpa-cpu-cxpfg,83m,38Mi
2026-10-04T19:39:40+05:30,monitor,2m,50Mi
2026-10-04T19:39:40+05:30,postgres-cf9fdbc59-tfwlk,367m,50Mi
2026-10-04T19:39:40+05:30,redis-74f4fb978c-2sb5t,9m,5Mi
2026-10-04T19:39:40+05:30,web-748fdd5fb9-46kpp,285m,110Mi
2026-10-04T19:39:40+05:30,worker-b4bf677dd-p2s6t,33m,172Mi
2026-10-04T19:40:01+05:30,locust-hpa-cpu-cxpfg,85m,39Mi
2026-10-04T19:40:01+05:30,monitor,2m,50Mi
2026-10-04T19:40:01+05:30,postgres-cf9fdbc59-tfwlk,376m,49Mi
2026-10-04T19:40:01+05:30,redis-74f4fb978c-2sb5t,8m,5Mi
2026-10-04T19:40:01+05:30,web-748fdd5fb9-46kpp,280m,111Mi
2026-10-04T19:40:01+05:30,worker-b4bf677dd-p2s6t,28m,172Mi
2026-10-04T19:40:22+05:30,locust-hpa-cpu-cxpfg,87m,39Mi
2026-10-04T19:40:22+05:30,monitor,2m,50Mi
2026-10-04T19:40:22+05:30,postgres-cf9fdbc59-tfwlk,378m,50Mi
2026-10-04T19:40:22+05:30,redis-74f4fb978c-2sb5t,8m,5Mi
2026-10-04T19:40:22+05:30,web-748fdd5fb9-46kpp,294m,111Mi
2026-10-04T19:40:22+05:30,worker-b4bf677dd-p2s6t,31m,172Mi
2026-10-04T19:40:40+05:30,locust-hpa-cpu-cxpfg,84m,39Mi
2026-10-04T19:40:40+05:30,monitor,2m,50Mi
2026-10-04T19:40:40+05:30,postgres-cf9fdbc59-tfwlk,373m,51Mi
2026-10-04T19:40:40+05:30,redis-74f4fb978c-2sb5t,8m,5Mi
2026-10-04T19:40:40+05:30,web-748fdd5fb9-46kpp,274m,111Mi
2026-10-04T19:40:40+05:30,worker-b4bf677dd-p2s6t,31m,172Mi
2026-10-04T19:40:59+05:30,locust-hpa-cpu-cxpfg,89m,39Mi
2026-10-04T19:40:59+05:30,monitor,2m,50Mi
2026-10-04T19:40:59+05:30,postgres-cf9fdbc59-tfwlk,351m,51Mi
2026-10-04T19:40:59+05:30,redis-74f4fb978c-2sb5t,8m,6Mi
2026-10-04T19:40:59+05:30,web-748fdd5fb9-46kpp,243m,102Mi
2026-10-04T19:40:59+05:30,worker-b4bf677dd-p2s6t,33m,172Mi
2026-10-04T19:41:17+05:30,locust-hpa-cpu-cxpfg,26m,1Mi
2026-10-04T19:41:17+05:30,monitor,2m,50Mi
2026-10-04T19:41:17+05:30,postgres-cf9fdbc59-tfwlk,36m,51Mi
2026-10-04T19:41:17+05:30,redis-74f4fb978c-2sb5t,6m,5Mi
2026-10-04T19:41:17+05:30,web-748fdd5fb9-46kpp,17m,102Mi
2026-10-04T19:41:17+05:30,worker-b4bf677dd-p2s6t,29m,172Mi
2026-10-04T19:41:35+05:30,locust-hpa-cpu-cxpfg,0m,1Mi
2026-10-04T19:41:35+05:30,monitor,2m,50Mi
2026-10-04T19:41:35+05:30,postgres-cf9fdbc59-tfwlk,39m,49Mi
2026-10-04T19:41:35+05:30,redis-74f4fb978c-2sb5t,6m,5Mi
2026-10-04T19:41:35+05:30,web-748fdd5fb9-46kpp,16m,102Mi
2026-10-04T19:41:35+05:30,worker-b4bf677dd-p2s6t,31m,172Mi
2026-10-04T19:41:53+05:30,locust-hpa-cpu-cxpfg,0m,1Mi
2026-10-04T19:41:53+05:30,monitor,2m,50Mi
2026-10-04T19:41:53+05:30,postgres-cf9fdbc59-tfwlk,37m,51Mi
2026-10-04T19:41:53+05:30,redis-74f4fb978c-2sb5t,6m,5Mi
2026-10-04T19:41:53+05:30,web-748fdd5fb9-46kpp,16m,101Mi
2026-10-04T19:41:53+05:30,worker-b4bf677dd-p2s6t,23m,172Mi
2026-10-04T19:42:15+05:30,locust-hpa-cpu-cxpfg,0m,1Mi
2026-10-04T19:42:15+05:30,monitor,2m,50Mi
2026-10-04T19:42:15+05:30,postgres-cf9fdbc59-tfwlk,40m,51Mi
2026-10-04T19:42:15+05:30,redis-74f4fb978c-2sb5t,6m,5Mi
2026-10-04T19:42:15+05:30,web-748fdd5fb9-46kpp,17m,101Mi
2026-10-04T19:42:15+05:30,worker-b4bf677dd-p2s6t,35m,172Mi
2026-10-04T19:42:33+05:30,locust-hpa-cpu-cxpfg,0m,1Mi
2026-10-04T19:42:33+05:30,monitor,2m,50Mi
2026-10-04T19:42:33+05:30,postgres-cf9fdbc59-tfwlk,43m,51Mi
2026-10-04T19:42:33+05:30,redis-74f4fb978c-2sb5t,6m,5Mi
2026-10-04T19:42:33+05:30,web-748fdd5fb9-46kpp,17m,101Mi
2026-10-04T19:42:33+05:30,worker-b4bf677dd-p2s6t,31m,172Mi
2026-10-04T19:42:51+05:30,locust-hpa-cpu-cxpfg,0m,1Mi
2026-10-04T19:42:51+05:30,monitor,2m,50Mi
2026-10-04T19:42:51+05:30,postgres-cf9fdbc59-tfwlk,42m,51Mi
2026-10-04T19:42:51+05:30,redis-74f4fb978c-2sb5t,6m,5Mi
2026-10-04T19:42:51+05:30,web-748fdd5fb9-46kpp,17m,101Mi
2026-10-04T19:42:51+05:30,worker-b4bf677dd-p2s6t,36m,172Mi
2026-10-04T19:43:10+05:30,locust-hpa-cpu-cxpfg,0m,1Mi
2026-10-04T19:43:10+05:30,monitor,2m,50Mi
2026-10-04T19:43:10+05:30,postgres-cf9fdbc59-tfwlk,49m,51Mi
2026-10-04T19:43:10+05:30,redis-74f4fb978c-2sb5t,6m,5Mi
2026-10-04T19:43:10+05:30,web-748fdd5fb9-46kpp,17m,101Mi
2026-10-04T19:43:10+05:30,worker-b4bf677dd-p2s6t,36m,172Mi
2026-10-04T19:43:28+05:30,locust-hpa-cpu-cxpfg,0m,1Mi
2026-10-04T19:43:28+05:30,monitor,2m,50Mi
2026-10-04T19:43:28+05:30,postgres-cf9fdbc59-tfwlk,40m,51Mi
2026-10-04T19:43:28+05:30,redis-74f4fb978c-2sb5t,6m,5Mi
2026-10-04T19:43:28+05:30,web-748fdd5fb9-46kpp,17m,101Mi
2026-10-04T19:43:28+05:30,worker-b4bf677dd-p2s6t,31m,172Mi
2026-10-04T19:43:46+05:30,locust-hpa-cpu-cxpfg,0m,1Mi
2026-10-04T19:43:46+05:30,monitor,2m,50Mi
2026-10-04T19:43:46+05:30,postgres-cf9fdbc59-tfwlk,38m,51Mi
2026-10-04T19:43:46+05:30,redis-74f4fb978c-2sb5t,6m,5Mi
2026-10-04T19:43:46+05:30,web-748fdd5fb9-46kpp,16m,101Mi
2026-10-04T19:43:46+05:30,worker-b4bf677dd-p2s6t,29m,172Mi
2026-10-04T19:44:04+05:30,locust-hpa-cpu-cxpfg,0m,1Mi
2026-10-04T19:44:04+05:30,monitor,2m,50Mi
2026-10-04T19:44:04+05:30,postgres-cf9fdbc59-tfwlk,38m,51Mi
2026-10-04T19:44:04+05:30,redis-74f4fb978c-2sb5t,6m,5Mi
2026-10-04T19:44:04+05:30,web-748fdd5fb9-46kpp,17m,101Mi
2026-10-04T19:44:04+05:30,worker-b4bf677dd-p2s6t,29m,172Mi
2026-10-04T19:44:23+05:30,locust-hpa-cpu-cxpfg,0m,1Mi
2026-10-04T19:44:23+05:30,monitor,2m,50Mi
2026-10-04T19:44:23+05:30,postgres-cf9fdbc59-tfwlk,44m,51Mi
2026-10-04T19:44:23+05:30,redis-74f4fb978c-2sb5t,6m,5Mi
2026-10-04T19:44:23+05:30,web-748fdd5fb9-46kpp,16m,101Mi
2026-10-04T19:44:23+05:30,worker-b4bf677dd-p2s6t,30m,172Mi
2026-10-04T19:44:42+05:30,locust-hpa-cpu-cxpfg,0m,1Mi
2026-10-04T19:44:42+05:30,monitor,2m,50Mi
2026-10-04T19:44:42+05:30,postgres-cf9fdbc59-tfwlk,29m,51Mi
2026-10-04T19:44:42+05:30,redis-74f4fb978c-2sb5t,6m,5Mi
2026-10-04T19:44:42+05:30,web-748fdd5fb9-46kpp,16m,101Mi
2026-10-04T19:44:42+05:30,worker-b4bf677dd-p2s6t,22m,172Mi
2026-10-04T19:45:00+05:30,locust-hpa-cpu-cxpfg,0m,1Mi
2026-10-04T19:45:00+05:30,monitor,2m,50Mi
2026-10-04T19:45:00+05:30,postgres-cf9fdbc59-tfwlk,41m,51Mi
2026-10-04T19:45:00+05:30,redis-74f4fb978c-2sb5t,6m,5Mi
2026-10-04T19:45:00+05:30,web-748fdd5fb9-46kpp,17m,101Mi
2026-10-04T19:45:00+05:30,worker-b4bf677dd-p2s6t,30m,172Mi
2026-10-04T19:45:18+05:30,locust-hpa-cpu-cxpfg,0m,1Mi
2026-10-04T19:45:18+05:30,monitor,2m,50Mi
2026-10-04T19:45:18+05:30,postgres-cf9fdbc59-tfwlk,43m,51Mi
2026-10-04T19:45:18+05:30,redis-74f4fb978c-2sb5t,6m,5Mi
2026-10-04T19:45:18+05:30,web-748fdd5fb9-46kpp,17m,101Mi
2026-10-04T19:45:18+05:30,worker-b4bf677dd-p2s6t,29m,172Mi
2026-10-04T19:45:37+05:30,locust-hpa-cpu-cxpfg,0m,1Mi
2026-10-04T19:45:37+05:30,monitor,2m,50Mi
2026-10-04T19:45:37+05:30,postgres-cf9fdbc59-tfwlk,44m,52Mi
2026-10-04T19:45:37+05:30,redis-74f4fb978c-2sb5t,5m,5Mi
2026-10-04T19:45:37+05:30,web-748fdd5fb9-46kpp,17m,101Mi
2026-10-04T19:45:37+05:30,worker-b4bf677dd-p2s6t,33m,172Mi
2026-10-04T19:45:55+05:30,locust-hpa-cpu-cxpfg,0m,1Mi
2026-10-04T19:45:55+05:30,monitor,2m,50Mi
2026-10-04T19:45:55+05:30,postgres-cf9fdbc59-tfwlk,41m,51Mi
2026-10-04T19:45:55+05:30,redis-74f4fb978c-2sb5t,6m,5Mi
2026-10-04T19:45:55+05:30,web-748fdd5fb9-46kpp,16m,101Mi
2026-10-04T19:45:55+05:30,worker-b4bf677dd-p2s6t,29m,172Mi
2026-10-04T19:46:13+05:30,locust-hpa-cpu-cxpfg,0m,1Mi
2026-10-04T19:46:13+05:30,monitor,2m,50Mi
2026-10-04T19:46:13+05:30,postgres-cf9fdbc59-tfwlk,39m,51Mi
2026-10-04T19:46:13+05:30,redis-74f4fb978c-2sb5t,6m,5Mi
2026-10-04T19:46:13+05:30,web-748fdd5fb9-46kpp,18m,101Mi
2026-10-04T19:46:13+05:30,worker-b4bf677dd-p2s6t,28m,172Mi
2026-10-04T19:46:33+05:30,locust-hpa-cpu-cxpfg,0m,1Mi
2026-10-04T19:46:33+05:30,monitor,2m,50Mi
2026-10-04T19:46:33+05:30,postgres-cf9fdbc59-tfwlk,40m,51Mi
2026-10-04T19:46:33+05:30,redis-74f4fb978c-2sb5t,6m,5Mi
2026-10-04T19:46:33+05:30,web-748fdd5fb9-46kpp,16m,101Mi
2026-10-04T19:46:33+05:30,worker-b4bf677dd-p2s6t,30m,172Mi
2026-10-04T19:46:51+05:30,locust-hpa-cpu-cxpfg,0m,1Mi
2026-10-04T19:46:51+05:30,monitor,2m,50Mi
2026-10-04T19:46:51+05:30,postgres-cf9fdbc59-tfwlk,40m,51Mi
2026-10-04T19:46:51+05:30,redis-74f4fb978c-2sb5t,6m,5Mi
2026-10-04T19:46:51+05:30,web-748fdd5fb9-46kpp,16m,101Mi
2026-10-04T19:46:51+05:30,worker-b4bf677dd-p2s6t,29m,172Mi
2026-10-04T19:47:12+05:30,locust-hpa-cpu-cxpfg,0m,1Mi
2026-10-04T19:47:12+05:30,monitor,2m,50Mi
2026-10-04T19:47:12+05:30,postgres-cf9fdbc59-tfwlk,43m,51Mi
2026-10-04T19:47:12+05:30,redis-74f4fb978c-2sb5t,6m,5Mi
2026-10-04T19:47:12+05:30,web-748fdd5fb9-46kpp,18m,101Mi
2026-10-04T19:47:12+05:30,worker-b4bf677dd-p2s6t,26m,172Mi
2026-10-04T19:47:30+05:30,locust-hpa-cpu-cxpfg,0m,1Mi
2026-10-04T19:47:30+05:30,monitor,2m,50Mi
2026-10-04T19:47:30+05:30,postgres-cf9fdbc59-tfwlk,41m,51Mi
2026-10-04T19:47:30+05:30,redis-74f4fb978c-2sb5t,6m,4Mi
2026-10-04T19:47:30+05:30,web-748fdd5fb9-46kpp,16m,101Mi
2026-10-04T19:47:30+05:30,worker-b4bf677dd-p2s6t,28m,172Mi
2026-10-04T19:47:48+05:30,locust-hpa-cpu-cxpfg,0m,1Mi
2026-10-04T19:47:48+05:30,monitor,2m,50Mi
2026-10-04T19:47:48+05:30,postgres-cf9fdbc59-tfwlk,37m,51Mi
2026-10-04T19:47:48+05:30,redis-74f4fb978c-2sb5t,6m,5Mi
2026-10-04T19:47:48+05:30,web-748fdd5fb9-46kpp,17m,101Mi
2026-10-04T19:47:48+05:30,worker-b4bf677dd-p2s6t,28m,172Mi
2026-10-04T19:48:06+05:30,locust-hpa-cpu-cxpfg,0m,1Mi
2026-10-04T19:48:06+05:30,monitor,2m,50Mi
2026-10-04T19:48:06+05:30,postgres-cf9fdbc59-tfwlk,42m,51Mi
2026-10-04T19:48:06+05:30,redis-74f4fb978c-2sb5t,5m,5Mi
2026-10-04T19:48:06+05:30,web-748fdd5fb9-46kpp,17m,101Mi
2026-10-04T19:48:06+05:30,worker-b4bf677dd-p2s6t,26m,172Mi
2026-10-04T19:48:26+05:30,locust-hpa-cpu-cxpfg,0m,1Mi
2026-10-04T19:48:26+05:30,monitor,2m,50Mi
2026-10-04T19:48:26+05:30,postgres-cf9fdbc59-tfwlk,39m,56Mi
2026-10-04T19:48:26+05:30,redis-74f4fb978c-2sb5t,6m,4Mi
2026-10-04T19:48:26+05:30,web-748fdd5fb9-46kpp,17m,101Mi
2026-10-04T19:48:26+05:30,worker-b4bf677dd-p2s6t,32m,172Mi
2026-10-04T19:48:44+05:30,locust-hpa-cpu-cxpfg,0m,1Mi
2026-10-04T19:48:44+05:30,monitor,2m,50Mi
2026-10-04T19:48:44+05:30,postgres-cf9fdbc59-tfwlk,44m,52Mi
2026-10-04T19:48:44+05:30,redis-74f4fb978c-2sb5t,6m,4Mi
2026-10-04T19:48:44+05:30,web-748fdd5fb9-46kpp,17m,101Mi
2026-10-04T19:48:44+05:30,worker-b4bf677dd-p2s6t,31m,172Mi
2026-10-04T19:49:02+05:30,locust-hpa-cpu-cxpfg,0m,1Mi
2026-10-04T19:49:02+05:30,monitor,2m,50Mi
2026-10-04T19:49:02+05:30,postgres-cf9fdbc59-tfwlk,44m,52Mi
2026-10-04T19:49:02+05:30,redis-74f4fb978c-2sb5t,6m,4Mi
2026-10-04T19:49:02+05:30,web-748fdd5fb9-46kpp,17m,101Mi
2026-10-04T19:49:02+05:30,worker-b4bf677dd-p2s6t,29m,172Mi
2026-10-04T19:49:20+05:30,locust-hpa-cpu-cxpfg,0m,1Mi
2026-10-04T19:49:20+05:30,monitor,2m,50Mi
2026-10-04T19:49:20+05:30,postgres-cf9fdbc59-tfwlk,38m,52Mi
2026-10-04T19:49:20+05:30,redis-74f4fb978c-2sb5t,6m,4Mi
2026-10-04T19:49:20+05:30,web-748fdd5fb9-46kpp,18m,101Mi
2026-10-04T19:49:20+05:30,worker-b4bf677dd-p2s6t,30m,172Mi
2026-10-04T19:49:39+05:30,locust-hpa-cpu-cxpfg,0m,1Mi
2026-10-04T19:49:39+05:30,monitor,2m,50Mi
2026-10-04T19:49:39+05:30,postgres-cf9fdbc59-tfwlk,37m,52Mi
2026-10-04T19:49:39+05:30,redis-74f4fb978c-2sb5t,6m,4Mi
2026-10-04T19:49:39+05:30,web-748fdd5fb9-46kpp,16m,101Mi
2026-10-04T19:49:39+05:30,worker-b4bf677dd-p2s6t,30m,172Mi
2026-10-04T19:49:57+05:30,locust-hpa-cpu-cxpfg,0m,1Mi
2026-10-04T19:49:57+05:30,monitor,2m,50Mi
2026-10-04T19:49:57+05:30,postgres-cf9fdbc59-tfwlk,37m,52Mi
2026-10-04T19:49:57+05:30,redis-74f4fb978c-2sb5t,5m,4Mi
2026-10-04T19:49:57+05:30,web-748fdd5fb9-46kpp,16m,101Mi
2026-10-04T19:49:57+05:30,worker-b4bf677dd-p2s6t,23m,172Mi
2026-10-04T19:50:15+05:30,locust-hpa-cpu-cxpfg,0m,1Mi
2026-10-04T19:50:15+05:30,monitor,2m,50Mi
2026-10-04T19:50:15+05:30,postgres-cf9fdbc59-tfwlk,46m,52Mi
2026-10-04T19:50:15+05:30,redis-74f4fb978c-2sb5t,6m,4Mi
2026-10-04T19:50:15+05:30,web-748fdd5fb9-46kpp,18m,101Mi
2026-10-04T19:50:15+05:30,worker-b4bf677dd-p2s6t,28m,173Mi
2026-10-04T19:50:35+05:30,locust-hpa-cpu-cxpfg,0m,1Mi
2026-10-04T19:50:35+05:30,monitor,2m,50Mi
2026-10-04T19:50:35+05:30,postgres-cf9fdbc59-tfwlk,36m,52Mi
2026-10-04T19:50:35+05:30,redis-74f4fb978c-2sb5t,6m,4Mi
2026-10-04T19:50:35+05:30,web-748fdd5fb9-46kpp,16m,101Mi
2026-10-04T19:50:35+05:30,worker-b4bf677dd-p2s6t,27m,173Mi
2026-10-04T19:50:53+05:30,monitor,2m,50Mi
2026-10-04T19:50:53+05:30,postgres-cf9fdbc59-tfwlk,36m,52Mi
2026-10-04T19:50:53+05:30,redis-74f4fb978c-2sb5t,6m,4Mi
2026-10-04T19:50:53+05:30,web-748fdd5fb9-46kpp,17m,101Mi
2026-10-04T19:50:53+05:30,worker-b4bf677dd-p2s6t,28m,173Mi
2026-10-04T19:51:11+05:30,monitor,2m,50Mi
2026-10-04T19:51:11+05:30,postgres-cf9fdbc59-tfwlk,40m,52Mi
2026-10-04T19:51:11+05:30,redis-74f4fb978c-2sb5t,6m,4Mi
2026-10-04T19:51:11+05:30,web-748fdd5fb9-46kpp,16m,101Mi
2026-10-04T19:51:11+05:30,worker-b4bf677dd-p2s6t,27m,173Mi
2026-10-04T19:51:30+05:30,monitor,2m,50Mi
2026-10-04T19:51:30+05:30,postgres-cf9fdbc59-tfwlk,31m,45Mi
2026-10-04T19:51:30+05:30,redis-74f4fb978c-2sb5t,6m,4Mi
2026-10-04T19:51:30+05:30,web-748fdd5fb9-46kpp,17m,101Mi
2026-10-04T19:51:30+05:30,worker-b4bf677dd-p2s6t,21m,173Mi
2026-10-04T19:51:48+05:30,monitor,2m,50Mi
2026-10-04T19:51:48+05:30,postgres-cf9fdbc59-tfwlk,21m,45Mi
2026-10-04T19:51:48+05:30,redis-74f4fb978c-2sb5t,5m,4Mi
2026-10-04T19:51:48+05:30,web-748fdd5fb9-46kpp,16m,101Mi
2026-10-04T19:51:48+05:30,worker-b4bf677dd-p2s6t,3m,173Mi
2026-10-04T19:52:06+05:30,monitor,2m,50Mi
2026-10-04T19:52:06+05:30,postgres-cf9fdbc59-tfwlk,13m,46Mi
2026-10-04T19:52:06+05:30,redis-74f4fb978c-2sb5t,6m,4Mi
2026-10-04T19:52:06+05:30,web-748fdd5fb9-46kpp,16m,101Mi
2026-10-04T19:52:06+05:30,worker-b4bf677dd-p2s6t,4m,173Mi
2026-10-04T19:52:24+05:30,monitor,2m,50Mi
2026-10-04T19:52:24+05:30,postgres-cf9fdbc59-tfwlk,17m,46Mi
2026-10-04T19:52:24+05:30,redis-74f4fb978c-2sb5t,6m,4Mi
2026-10-04T19:52:24+05:30,web-748fdd5fb9-46kpp,16m,101Mi
2026-10-04T19:52:24+05:30,worker-b4bf677dd-p2s6t,3m,173Mi
2026-10-04T19:52:43+05:30,monitor,2m,50Mi
2026-10-04T19:52:43+05:30,postgres-cf9fdbc59-tfwlk,17m,45Mi
2026-10-04T19:52:43+05:30,redis-74f4fb978c-2sb5t,6m,4Mi
2026-10-04T19:52:43+05:30,web-748fdd5fb9-46kpp,16m,101Mi
2026-10-04T19:52:43+05:30,worker-b4bf677dd-p2s6t,2m,173Mi
2026-10-04T19:53:02+05:30,monitor,2m,50Mi
2026-10-04T19:53:02+05:30,postgres-cf9fdbc59-tfwlk,19m,45Mi
2026-10-04T19:53:02+05:30,redis-74f4fb978c-2sb5t,5m,4Mi
2026-10-04T19:53:02+05:30,web-748fdd5fb9-46kpp,16m,101Mi
2026-10-04T19:53:02+05:30,worker-b4bf677dd-p2s6t,4m,173Mi
