2026-10-04T19:38:39+05:30,postgres,1/1
2026-10-04T19:38:39+05:30,redis,1/1
2026-10-04T19:38:39+05:30,web,1/1
2026-10-04T19:38:39+05:30,worker,1/1
2026-10-04T19:39:02+05:30,postgres,1/1
2026-10-04T19:39:02+05:30,redis,1/1
2026-10-04T19:39:02+05:30,web,1/1
2026-10-04T19:39:02+05:30,worker,1/1
2026-10-04T19:39:21+05:30,postgres,1/1
2026-10-04T19:39:21+05:30,redis,1/1
2026-10-04T19:39:21+05:30,web,1/1
2026-10-04T19:39:21+05:30,worker,1/1
2026-10-04T19:39:40+05:30,postgres,1/1
2026-10-04T19:39:40+05:30,redis,1/1
2026-10-04T19:39:40+05:30,web,1/1
2026-10-04T19:39:40+05:30,worker,1/1
2026-10-04T19:40:01+05:30,postgres,1/1
2026-10-04T19:40:01+05:30,redis,1/1
2026-10-04T19:40:01+05:30,web,1/1
2026-10-04T19:40:01+05:30,worker,1/1
2026-10-04T19:40:22+05:30,postgres,1/1
2026-10-04T19:40:22+05:30,redis,1/1
2026-10-04T19:40:22+05:30,web,1/1
2026-10-04T19:40:22+05:30,worker,1/1
2026-10-04T19:40:40+05:30,postgres,1/1
2026-10-04T19:40:40+05:30,redis,1/1
2026-10-04T19:40:40+05:30,web,1/1
2026-10-04T19:40:40+05:30,worker,1/1
2026-10-04T19:40:59+05:30,postgres,1/1
2026-10-04T19:40:59+05:30,redis,1/1
2026-10-04T19:40:59+05:30,web,1/1
2026-10-04T19:40:59+05:30,worker,1/1
2026-10-04T19:41:17+05:30,postgres,1/1
2026-10-04T19:41:17+05:30,redis,1/1
2026-10-04T19:41:17+05:30,web,1/1
2026-10-04T19:41:17+05:30,worker,1/1
2026-10-04T19:41:35+05:30,postgres,1/1
2026-10-04T19:41:35+05:30,redis,1/1
2026-10-04T19:41:35+05:30,web,1/1
2026-10-04T19:41:35+05:30,worker,1/1
2026-10-04T19:41:53+05:30,postgres,1/1
2026-10-04T19:41:53+05:30,redis,1/1
2026-10-04T19:41:53+05:30,web,1/1
2026-10-04T19:41:53+05:30,worker,1/1
2026-10-04T19:42:15+05:30,postgres,1/1
2026-10-04T19:42:15+05:30,redis,1/1
2026-10-04T19:42:15+05:30,web,1/1
2026-10-04T19:42:15+05:30,worker,1/1
2026-10-04T19:42:33+05:30,postgres,1/1
2026-10-04T19:42:33+05:30,redis,1/1
2026-10-04T19:42:33+05:30,web,1/1
2026-10-04T19:42:33+05:30,worker,1/1
2026-10-04T19:42:51+05:30,postgres,1/1
2026-10-04T19:42:51+05:30,redis,1/1
2026-10-04T19:42:51+05:30,web,1/1
2026-10-04T19:42:51+05:30,worker,1/1
2026-10-04T19:43:10+05:30,postgres,1/1
2026-10-04T19:43:10+05:30,redis,1/1
2026-10-04T19:43:10+05:30,web,1/1
2026-10-04T19:43:10+05:30,worker,1/1
2026-10-04T19:43:28+05:30,postgres,1/1
2026-10-04T19:43:28+05:30,redis,1/1
2026-10-04T19:43:28+05:30,web,1/1
2026-10-04T19:43:28+05:30,worker,1/1
2026-10-04T19:43:46+05:30,postgres,1/1
2026-10-04T19:43:46+05:30,redis,1/1
2026-10-04T19:43:46+05:30,web,1/1
2026-10-04T19:43:46+05:30,worker,1/1
2026-10-04T19:44:04+05:30,postgres,1/1
2026-10-04T19:44:04+05:30,redis,1/1
2026-10-04T19:44:04+05:30,web,1/1
2026-10-04T19:44:04+05:30,worker,1/1
2026-10-04T19:44:23+05:30,postgres,1/1
2026-10-04T19:44:23+05:30,redis,1/1
2026-10-04T19:44:23+05:30,web,1/1
2026-10-04T19:44:23+05:30,worker,1/1
2026-10-04T19:44:42+05:30,postgres,1/1
2026-10-04T19:44:42+05:30,redis,1/1
2026-10-04T19:44:42+05:30,web,1/1
2026-10-04T19:44:42+05:30,worker,1/1
2026-10-04T19:45:00+05:30,postgres,1/1
2026-10-04T19:45:00+05:30,redis,1/1
2026-10-04T19:45:00+05:30,web,1/1
2026-10-04T19:45:00+05:30,worker,1/1
2026-10-04T19:45:18+05:30,postgres,1/1
2026-10-04T19:45:18+05:30,redis,1/1
2026-10-04T19:45:18+05:30,web,1/1
2026-10-04T19:45:18+05:30,worker,1/1
2026-10-04T19:45:37+05:30,postgres,1/1
2026-10-04T19:45:37+05:30,redis,1/1
2026-10-04T19:45:37+05:30,web,1/1
2026-10-04T19:45:37+05:30,worker,1/1
2026-10-04T19:45:55+05:30,postgres,1/1
2026-10-04T19:45:55+05:30,redis,1/1
2026-10-04T19:45:55+05:30,web,1/1
2026-10-04T19:45:55+05:30,worker,1/1
2026-10-04T19:46:13+05:30,postgres,1/1
2026-10-04T19:46:13+05:30,redis,1/1
2026-10-04T19:46:13+05:30,web,1/1
2026-10-04T19:46:13+05:30,worker,1/1
2026-10-04T19:46:33+05:30,postgres,1/1
2026-10-04T19:46:33+05:30,redis,1/1
2026-10-04T19:46:33+05:30,web,1/1
2026-10-04T19:46:33+05:30,worker,1/1
2026-10-04T19:46:51+05:30,postgres,1/1
2026-10-04T19:46:51+05:30,redis,1/1
2026-10-04T19:46:51+05:30,web,1/1
2026-10-04T19:46:51+05:30,worker,1/1
2026-10-04T19:47:12+05:30,postgres,1/1
2026-10-04T19:47:12+05:30,redis,1/1
2026-10-04T19:47:12+05:30,web,1/1
2026-10-04T19:47:12+05:30,worker,1/1
2026-10-04T19:47:30+05:30,postgres,1/1
2026-10-04T19:47:30+05:30,redis,1/1
2026-10-04T19:47:30+05:30,web,1/1
2026-10-04T19:47:30+05:30,worker,1/1
2026-10-04T19:47:48+05:30,postgres,1/1
2026-10-04T19:47:48+05:30,redis,1/1
2026-10-04T19:47:48+05:30,web,1/1
2026-10-04T19:47:48+05:30,worker,1/1
2026-10-04T19:48:06+05:30,postgres,1/1
2026-10-04T19:48:06+05:30,redis,1/1
2026-10-04T19:48:06+05:30,web,1/1
2026-10-04T19:48:06+05:30,worker,1/1
2026-10-04T19:48:26+05:30,postgres,1/1
2026-10-04T19:48:26+05:30,redis,1/1
2026-10-04T19:48:26+05:30,web,1/1
2026-10-04T19:48:26+05:30,worker,1/1
2026-10-04T19:48:44+05:30,postgres,1/1
2026-10-04T19:48:44+05:30,redis,1/1
2026-10-04T19:48:44+05:30,web,1/1
2026-10-04T19:48:44+05:30,worker,1/1
2026-10-04T19:49:02+05:30,postgres,1/1
2026-10-04T19:49:02+05:30,redis,1/1
2026-10-04T19:49:02+05:30,web,1/1
2026-10-04T19:49:02+05:30,worker,1/1
2026-10-04T19:49:20+05:30,postgres,1/1
2026-10-04T19:49:20+05:30,redis,1/1
2026-10-04T19:49:20+05:30,web,1/1
2026-10-04T19:49:20+05:30,worker,1/1
2026-10-04T19:49:39+05:30,postgres,1/1
2026-10-04T19:49:39+05:30,redis,1/1
2026-10-04T19:49:39+05:30,web,1/1
2026-10-04T19:49:39+05:30,worker,1/1
2026-10-04T19:49:57+05:30,postgres,1/1
2026-10-04T19:49:57+05:30,redis,1/1
2026-10-04T19:49:57+05:30,web,1/1
2026-10-04T19:49:57+05:30,worker,1/1
2026-10-04T19:50:15+05:30,postgres,1/1
2026-10-04T19:50:15+05:30,redis,1/1
2026-10-04T19:50:15+05:30,web,1/1
2026-10-04T19:50:15+05:30,worker,1/1
2026-10-04T19:50:35+05:30,postgres,1/1
2026-10-04T19:50:35+05:30,redis,1/1
2026-10-04T19:50:35+05:30,web,1/1
2026-10-04T19:50:35+05:30,worker,1/1
2026-10-04T19:50:53+05:30,postgres,1/1
2026-10-04T19:50:53+05:30,redis,1/1
2026-10-04T19:50:53+05:30,web,1/1
2026-10-04T19:50:53+05:30,worker,1/1
2026-10-04T19:51:11+05:30,postgres,1/1
2026-10-04T19:51:11+05:30,redis,1/1
2026-10-04T19:51:11+05:30,web,1/1
2026-10-04T19:51:11+05:30,worker,1/1
2026-10-04T19:51:30+05:30,postgres,1/1
2026-10-04T19:51:30+05:30,redis,1/1
2026-10-04T19:51:30+05:30,web,1/1
2026-10-04T19:51:30+05:30,worker,1/1
2026-10-04T19:51:48+05:30,postgres,1/1
2026-10-04T19:51:48+05:30,redis,1/1
2026-10-04T19:51:48+05:30,web,1/1
2026-10-04T19:51:48+05:30,worker,1/1
2026-10-04T19:52:06+05:30,postgres,1/1
2026-10-04T19:52:06+05:30,redis,1/1
2026-10-04T19:52:06+05:30,web,1/1
2026-10-04T19:52:06+05:30,worker,1/1
2026-10-04T19:52:24+05:30,postgres,1/1
2026-10-04T19:52:24+05:30,redis,1/1
2026-10-04T19:52:24+05:30,web,1/1
2026-10-04T19:52:24+05:30,worker,1/1
2026-10-04T19:52:43+05:30,postgres,1/1
2026-10-04T19:52:43+05:30,redis,1/1
2026-10-04T19:52:43+05:30,web,1/1
2026-10-04T19:52:43+05:30,worker,1/1
2026-10-04T19:53:02+05:30,postgres,1/1
2026-10-04T19:53:02+05:30,redis,1/1
2026-10-04T19:53:02+05:30,web,1/1
2026-10-04T19:53:02+05:30,worker,1/1
